True Values,Predicted Values
0.3853430471875766,0.3975792914674967
0.995190952948745,0.9927936250835385
0.9111551871447432,0.9212028522087214
0.9938460404158613,0.9874363857464798
0.9234682559298169,0.9222047438498704
0.9247077342124612,0.9227694004194715
0.9128184794190787,0.9220202227124323
0.9121004247129381,0.9220775179828022
0.9950914575427419,0.996540319443727
0.9153873835398647,0.9222571023324013
0.23188495581324187,0.2569759920956072
0.9365987692572093,0.9224837408801561
0.9288546345199862,0.9221773170198437
0.9188300340598482,0.9218892531613987
0.9953713784659673,0.9874085512637718
0.9191427512854616,0.9083610671045124
0.9261456398720681,0.9224568125110535
0.39359063295232505,0.40344222903799487
0.9950997186525776,1.0004068808271596
0.9357764378875452,0.9224750058459561
0.9117330424915785,0.9219508574657764
0.09376730449775299,0.08693138636876352
0.9328143873278409,0.9224211861069156
0.9255327458137895,0.9237208471166314
0.19764257645180108,0.22074802233682345
0.9127009966680169,0.9222055595042304
0.9270313354304568,0.9227154007430594
0.9933217018666474,0.9831754138942754
0.1102858949675363,0.11189771040314422
0.9915611900006679,0.9938762818143969
0.99420449601038,1.0033320470173122
0.9949281959487686,0.9955296878873723
0.07185838864527856,0.042122758014175865
0.7411380187992533,0.7026016126938144
0.9954662514029607,0.9955953898740146
0.9187914409518011,0.9223676345085456
0.6232281889489455,0.6214559685064556
0.9948413510404942,0.9938356951412457
0.9281410101402122,0.9308970351866899
0.9342427179822804,0.9223732074233828
0.9953971954926019,0.9891752235937927
0.9124166419432336,0.9223039872305661
0.9124450048043863,0.9224785951130974
0.9154212828344569,0.922200560378104
0.08812358483577111,0.07884576914479435
0.9375923643189396,0.9224806327282193
0.9130129693687927,0.9171889536342546
0.9192027481509416,0.9223857126235577
0.9775009389711474,0.9887425630506241
0.9266158186733399,0.9282847174381041
0.3507727604443448,0.36777586259576633
0.995180219615439,0.9964555708580063
0.9953934617712913,1.0044078320155618
0.1062385348854135,0.10479394040784751
0.912335120196631,0.9224315849885505
0.993620101423098,1.0011545651990046
0.9311527371971897,0.9224277555071607
0.9954009761216351,0.9877627889851537
0.9275423344108957,0.9217366613490112
0.9193366444612447,0.9118204113993569
0.9374488497548275,0.9222710360870847
0.9036087129279352,0.9018451900553943
0.9034487868717876,0.9008366156418779
0.9161893302542276,0.9070873876536316
0.929044552846108,0.922310525146254
0.17944033171236548,0.2002572146467001
0.27880887079041855,0.3028880670971885
0.9953360439401807,1.00366671575222
0.9119636201059267,0.9223833375500119
0.9123267253271576,0.9222216344054912
0.9951785096907159,1.003553982967122
0.9512309644957155,0.9318065053968949
0.9124460984772008,0.9253444351560445
0.9290230033880701,0.92469556254433
0.9119966105227071,0.9230295116107099
0.9113966291990918,0.9209111781838741
0.9879092086955811,0.9863241560420475
0.9953277168698482,0.9855885687525356
0.9103722621320958,0.8820679242465586
0.9937521717525225,1.001497816006025
0.9954097645067944,1.00552064550084
0.9351566690486905,0.9223345660153219
0.995161986546113,1.004565064219494
0.9372956934347133,0.9222114688476095
0.605170118216934,0.611819665886304
0.9678192399228729,0.9534298245676096
0.2561637846052425,0.28123580365066214
0.1415005273288672,0.15421171980797777
0.9949833464859118,1.0055539118854595
0.8708274451699434,0.835631251479259
0.9198303828253973,0.9124462536988487
0.9354360510907315,0.9231850144889249
0.5976582296047092,0.6004511600395004
0.9946180378877756,0.9917044090855027
0.8934413905008123,0.8607984633743682
0.9041021923780117,0.9059229231359316
0.9269516740067673,0.9221999976205284
0.9035733485687976,0.9074795155722155
0.9169964554876624,0.922954945589523
0.9295970868470396,0.9221701282214623
0.37167205628758443,0.3850404770274336
0.9123661511198661,0.9230866642107136
0.9946823742248913,1.0057783123944146
0.9943570396523891,0.9904126739782155
0.994056667621719,0.9891744806142269
0.3511522735551308,0.5139236355668855
0.9153147007597073,0.922974754642591
0.9175108848875234,0.9241169042030952
0.9352704617844607,0.9224182708742488
0.13707736815808208,0.14747222374099334
0.9954728633995819,0.9775182903960227
0.903833253241661,0.9010617730379762
0.9346929617266059,0.9222579895071936
0.9954757214342627,0.9854204440272865
0.8552170247640598,0.8180930451260506
0.9233941142246055,0.9223002784386578
0.9949127718246169,0.9979733813307261
0.9280466198148589,0.9221297853977495
0.9110434658805894,0.9211675070379703
0.9952552905617298,0.9890484453622603
0.995067949132973,1.0037998367617034
0.9063117155762813,0.9034132011130565
0.6782351972125432,0.6719167697768453
0.9361436260026222,0.922441593781751
0.9047437584551999,0.8900778392523732
0.0731738049639647,0.05818144696970062
0.9272793779114887,0.92400782032239
0.9206211801894302,0.9241298108480924
0.7077444335788539,0.7048611409339172
0.9953823802445813,0.9956915887333251
0.07128345540612134,0.056569682274601796
0.9832831448260417,0.9914255442810598
0.9953008881312987,0.9726253059850078
0.9123330088592135,0.9223826810614062
0.5669699863134562,0.5476236722266945
0.9913217773708282,0.9881188980434059
0.5513969790473673,0.5643328843237496
0.9945919578109685,1.0053932742285552
0.9229007064839048,0.9221235645831944
0.6926922155081181,0.6606387896951729
0.9210769536925448,0.9231067709517928
0.9946686442370358,0.9945812634368876
0.9121269749808772,0.9221633878476707
0.9952108542273345,1.0026082243289833
0.8413356668984215,0.8450267779911682
0.9042736416706044,0.9048432403027116
0.5763414646885867,0.5857759873815835
0.32915524751097486,0.3485527441000782
0.1466069642075515,0.16118930529423192
0.07988100413164546,0.06734919300523057
0.5215727210124257,0.5573131183270048
0.9938841653868364,1.0023549762463686
0.933160135885343,0.9223127109531566
0.903969106183127,0.9006961341341713
0.47978937043546394,0.4768539089248689
0.9928493311372774,0.9819538143835471
0.9316218144609903,0.9277297250304093
0.9123563390564737,0.9225356340095088
0.992311570654249,0.9856350578390787
0.9183088234293446,0.9254310045952705
0.9346795725577742,0.9225196776900146
0.9953224856747765,1.0056377442289657
0.6625401434372009,0.6302714594280188
0.975876212090718,0.9660172143405985
0.90497032024195,0.912612293970505
0.4792255280651311,0.47524285375426967
0.5213456142911913,0.5570929534598177
0.9953979009838302,1.0044632207075948
0.9952866252417444,0.9697835727393622
0.9035592000170235,0.9031695407504321
0.93660985486979,0.9224342867200503
0.9065101611796921,0.9217492128069305
0.9953083342594753,1.0002569983367122
0.985906850482972,0.982465088875716
0.9336128058984317,0.9219909532447614
0.9121532772336276,0.9223429552930247
0.931081152004035,0.9225418276127852
0.396943397363464,0.4066076743826157
0.9178873148895788,0.9224466648745198
0.9280889997708565,0.9220441486824091
0.9952870264728145,0.9976241253011748
0.9116785119098924,0.9161614179936821
0.9119952125998847,0.9237159962693289
0.9037328247085608,0.9087377531484906
0.5280425988149385,0.5578528053068963
0.9151001229429683,0.9041577751005567
0.9951830146415888,0.9972053294731635
0.9951642967144642,1.0039151776329218
0.9125434495050103,0.9224060892645012
0.2647093039782627,0.2908238861860637
0.9226396712184436,0.9228641472617012
0.9303697222535114,0.9279865819273594
0.9036401506016773,0.9118433988363348
0.9226117211196376,0.9165683974305567
0.9277594118857656,0.9240398244651002
0.9154227450135521,0.922398148477181
0.4949417644789214,0.48900121435061106
0.9317786134049522,0.9224243228768811
0.9240793658691913,0.9239351031731529
0.9291519799871202,0.916748136498458
0.9133637460630442,0.9230092294161443
0.9040043460579934,0.9249584313250905
0.9182691829988426,0.9226174476767595
0.9902082057903429,0.9726379477491944
0.911687108516403,0.9227746009436926
0.9951563944286598,1.0056055145455671
0.9948117760905466,1.0060148200164063
0.692625523447497,0.6601222313666595
0.9951260744161814,1.0018685075697276
0.9273638837333363,0.9223904464082429
0.9372531343662256,0.922426643853842
0.9034598995675415,0.9020600572469641
0.9951992627322326,0.9857526593177992
0.9217242257060229,0.9222858863410108
0.8990973906794668,0.8685197837535439
0.9954407864413419,0.9873730190347656
0.7544702329806356,0.7647444011326909
0.9358639781869064,0.9220007507019252
0.912131245362173,0.9239448534115438
0.936180590194085,0.9222104877635529
0.8617543882567379,0.8540944458308841
0.9120133284965224,0.9223379801366276
0.9937487454652605,1.0008933997484801
0.7312680256061573,0.7336380968632907
0.9522006695386267,0.9336101664979592
0.10038588816831875,0.0976981743740053
0.9367618597297888,0.9219989061286205
0.9121033288500168,0.9221242886401084
0.10334456964971599,0.10073590300358415
0.9915167649720646,0.9944604130912067
0.9122021221265805,0.9228139984150365
0.9951946534133689,0.994055444528402
0.9122164988117119,0.9221980499994364
0.9120313607948353,0.9222162169332639
0.9036034116975057,0.9091533164782062
0.9949490796692467,1.005873805058985
0.9928933221341644,0.9981237328810435
0.7193459102519467,0.6824076186835155
0.9120153709469865,0.922437363852505
0.9117848229963298,0.9227368938264204
0.898429510906066,0.885473723659902
0.9952245938505352,0.9515559028489688
0.9121633555748485,0.9245805256698771
0.9773723536873382,0.9676446329417159
0.9952486258288243,0.997026667902051
0.6648851928245421,0.632639176646097
0.9373217031151296,0.92217149858537
0.9171237172520179,0.922156991569369
0.9122182620413722,0.9221334043609657
0.9951982443827664,1.0030536878547762
0.06673138549450416,0.05019956374293866
0.9126705900930645,0.9222099678272526
0.995408647089962,0.9949279575290175
0.7617667150747917,0.722391007123707
0.911104690092284,0.9226245347082438
0.9543200806641009,0.9349176881278423
0.9952805007512204,1.0008240436558564
0.3799793968496957,0.3920849419216834
0.9148260578305722,0.9221922067249677
0.9954704244151934,0.9912347483238788
0.9121265602788953,0.9223325729338141
0.9115867035980029,0.9015431174445157
0.9952650619189037,1.0053116665271231
0.9951502765143706,1.0052585304941912
0.20805749451007483,0.23304210185513607
0.18559195617366922,0.20719334682276536
0.9954667649210515,0.9871679139563581
0.9375043635856832,0.9224072106327013
0.9092382185208786,0.9154679899603293
0.9118569610879559,0.9223276550578978
0.9452489677406768,0.9234850557284799
0.9126982195512987,0.9210385891658435
0.9036888039850864,0.9169218438628972
0.9517202591782722,0.9329135604730991
0.07105974512284435,0.056236351167018306
0.9121747391828032,0.9229561653282792
0.5781067674980342,0.5594985846369864
0.9360708699165575,0.9251756823186694
0.889553120002266,0.8906172899145472
0.9954680932131309,1.0052299690943611
0.904366303667449,0.9067445006427421
0.4648520857392487,0.46358946369300025
0.9191509034222212,0.9234590557231561
0.9954003409374904,1.005650801450801
0.4128818045217075,0.42060301508935805
0.38941062219478506,0.40049977690809424
0.9952475945109752,1.0056345589644051
0.9365477209584268,0.9220829272669695
0.7697086911314502,0.7308172658803356
0.9124117404923382,0.9252253462788032
0.9285493776823566,0.9246951057204873
0.9167874677016,0.9222828613386005
0.9121797360024771,0.9228478226106906
0.9283886243360857,0.9214540004130862
0.15995730527268723,0.17643007474403571
0.9037321912445986,0.900936382374641
0.21258732387933543,0.23798932632344627
0.9309536172305688,0.9269479886022447
0.30955094526554067,0.3323387434197853
0.9952588903315374,0.9853235106696046
0.9337562222808905,0.9223168814978946
0.9952975704712251,0.9878763559615491
0.9354711912557575,0.9219298311295061
0.9951955740900977,1.0054472779416583
0.49885502584089725,0.5512874409208903
0.9954702013127777,0.9864176510962634
0.8836722144809827,0.8519145977357594
0.3660085460818364,0.38071699787072344
0.9225038322851797,0.9175747377892476
0.9120069396799353,0.9222573195991179
0.937395574228992,0.9222404350005311
0.9285100781741374,0.9226797181317989
0.917952203038954,0.9220546288663298
0.5647570110746433,0.5463388783368428
0.9374033762801008,0.9221308885042729
0.9289392857272992,0.9245231737159569
0.9372253495665519,0.9238710939012966
0.9338515056578001,0.9225667941689819
0.903468780935546,0.904014802789427
0.9954506351732743,0.97502962850196
0.9171992936500774,0.9228085504460006
0.9951612137533141,1.003688161530607
0.9126452507462499,0.9218070371883824
0.9339072941216597,0.9224860917054114
0.3693967904853406,0.3830551238938993
0.9269315814102882,0.9234387124262069
0.9089052663117029,0.8999017775187257
0.9942864284876746,1.0030213349305823
0.9371942824276801,0.9224842500663426
0.9035983804792378,0.9071193240201643
0.9951945582863813,0.9994869758805178
0.9333604864553161,0.9222432653901853
0.9122507270264153,0.9223857370652508
0.9650106285845212,0.9791432933446869
0.9304548140728608,0.9222023559797732
0.7752652288790972,0.7384991176956133
0.9954738608897343,0.9872811501851997
0.7920451276544552,0.7982994821541238
0.9933392130796513,0.9997151181207355
0.9949479282111812,1.0058719962155633
0.9259344771486363,0.9221416931554058
0.9943821930039053,1.0036961457240805
0.9953697061350013,0.9852648053696695
0.9033784061297723,0.9051190627166195
0.9319531518043767,0.9224227959879192
0.9953510850934132,1.0043811245100356
0.9282636156338403,0.9256748363433278
0.92969460161963,0.9241672445410023
0.9123539804912392,0.9222838269217588
0.9228675702355935,0.9250584751495312
0.9286528233727057,0.9221975467846688
0.9273548102121567,0.9240528252176992
0.9277868880450443,0.9217734770627031
0.9211813620671854,0.9130591533724006
0.9936868810152677,0.9863360368153051
0.9018750989585629,0.9134957993331083
0.9086477836044414,0.8987430755214012
0.9951638540755328,0.9886730550513958
0.9312646180595516,0.9242601727168234
0.9326484866456691,0.9222364653795934
0.9375049759630638,0.9235701395491942
0.9091220231398492,0.9191561070077308
0.9954690501100256,1.0047503966255702
0.9951904092052941,1.0011510438553755
0.9248261827529889,0.9224499124617429
0.19132560322631117,0.21376531851372516
0.9039357137087392,0.9077080738508387
0.9124336317279977,0.9221073362711989
0.9944622555566924,1.0049287931745026
0.6870393238354878,0.6909476489073993
0.9954571548094044,0.9526787321374455
0.9923007012116671,0.9800108091158277
0.9953385939292665,0.9871944445151994
0.9953689365003026,1.0016813423836224
0.9260502116327313,0.9268849774196442
0.06423353020602438,0.04505915997875132
0.9120981966485233,0.9223426291074999
0.9247450809824977,0.9209217158990013
0.903556806251833,0.9121410832740962
0.9333554611060859,0.9227233488618465
0.9118888736663807,0.9220116194830821
0.19967622114167838,0.2237390020525991
0.9120084909818807,0.9222461150103198
0.9363403587863117,0.9223882700962234
0.9146580938222104,0.921828944640569
0.437956274912994,0.4420087674877946
0.9297461539946914,0.9219222412640162
0.9954732874973816,0.9630711977494171
0.995427012357993,0.9949124399332048
0.9033779046662531,0.8987281414304187
0.9954057046166903,0.9931458412741021
0.4716876918012345,0.5444278387257837
0.5924867057629638,0.6014083796281566
0.9065651546677924,0.9031396894885697
0.9189476874205799,0.9111170945034717
0.9035742532000606,0.908348450993695
0.9122299558022195,0.9243590459001672
0.9300498102390861,0.9208074481778423
0.9362228709502713,0.9223034333149469
0.9953368349120392,0.9851604633935009
0.9156588599786288,0.921987912240513
0.9954648894665415,0.9854922580755696
0.9202969691525844,0.9163338171935438
0.9117285956549763,0.9227293067941131
0.9122389023447219,0.9220541947354901
0.9876656125754034,0.984989466935775
0.9952451509698355,1.0050198822086172
0.9953098345520679,1.0002524117556844
0.9951696847183382,0.9952939409810311
0.9109978669750469,0.8832715414009327
0.995285335262682,1.0049106518387019
0.9120112664824149,0.9225954708785045
0.9940117819469393,1.0019043868911863
0.8420069131804728,0.8395531962376621
0.903441395121864,0.9040913606708445
0.9954691771678884,0.9662370954115032
0.995286214317065,1.005671579785317
0.9517215337422824,0.9329417691362378
0.8418280716414784,0.8567761015932573
0.8303009065169445,0.7935402686133726
0.6533939253593439,0.6250927558557065
0.9139068866009894,0.9220174834990713
0.8921143935699589,0.8588312042018797
0.994628592072745,1.0054523306413499
0.9951867110136408,0.9945449904040826
0.9954766568634272,0.9918513101983875
0.9950804902099784,1.0025489841768005
0.07102098319603795,0.05574247643240238
0.5187805451200854,0.5070645856569795
0.9851454738960341,0.9801153136840695
0.25410989416036683,0.2792547474890794
0.9122694249215358,0.9222650511877104
0.9952310247880727,1.0055987051860482
0.9266914593102376,0.920054899942417
0.19842822643494595,0.22141375795105755
0.9109308306957967,0.9029083150774122
0.08876104974595338,0.08091676798149461
0.0912649002487267,0.08392725321876338
0.9953938426920098,0.9887025595270869
0.9046964073309761,0.9048966232004387
0.08550396671498017,0.07512034494461073
0.08844954866908597,0.07975439893290837
0.9362900636172392,0.9223080534623973
0.9951462734729144,0.9858533345746592
0.30225345518300895,0.4955426526602933
0.928940107394688,0.9193800199551587
0.9320824713605996,0.9221367926269854
0.9936027307184602,0.9856332553465164
0.9924386140685066,0.9798940315092066
0.1566612888726806,0.17367739332884735
0.9944224901154152,0.9920707627527063
0.9375007003939693,0.9221648986306503
0.08161538626206792,0.07024788090014322
0.9038202338323575,0.9122372005881525
0.995168099968539,0.973085490264924
0.12086299603931898,0.12539783633856683
0.9364639265310738,0.9219896818878786
0.8848668663474181,0.8741939043558089
0.9120072863908509,0.9222690767237891
0.9372891547314539,0.9223911667718978
0.9290995354173727,0.9226558895767267
0.9157735522454161,0.9108897880510858
0.9951870498082724,1.0056202884634358
0.5045619119769974,0.4953116733803027
0.936896306036679,0.9219874241096795
0.9373103156167772,0.9243499533605464
0.9038759199385558,0.9082140160771468
0.9346323895332349,0.9221719538521347
0.9202591111751436,0.9250189100610298
0.9950746778436427,1.0025775694945365
0.9363621261094566,0.9219192403826453
0.9353723581787751,0.9221253939010898
0.4834529898520643,0.5485938003693773
0.9944695696358637,1.004383069761917
0.9033566388175914,0.9064054376770665
0.9362432924554898,0.9221251206822414
0.9370149242309472,0.9221475390315197
0.9131221946094319,0.9222312557021075
0.9122541769424157,0.9223046619204203
0.926801497694583,0.9250293792453048
0.9953805756364951,0.9932371646521174
0.9182879088377796,0.923759261818307
0.9131200700773886,0.922235733046409
0.9237228427227225,0.9222796213477649
0.5880453794699673,0.6015582111938498
0.9263758419202083,0.9224082114436056
0.9951601487794892,0.9968714464219088
0.9870675083729474,0.9837654816715995
0.9369861031128182,0.9223251088014619
0.9926807748593213,0.9822399152025296
0.9224941229629929,0.9252923623198379
0.9374247560893617,0.9219788434488434
0.9122644248278994,0.9227895372146753
0.9154798622875372,0.9191707349968565
0.9121066120437833,0.923704712177531
0.9952157353505179,0.9909969926400093
0.9951830161001909,0.9858110525926547
0.8539747098721838,0.8422135386872354
0.9129571662784692,0.9221738453292891
0.6867709681929682,0.6903590051889692
0.885976578998933,0.8831344137853305
0.9376866854421085,0.9219066582997391
0.9122184675597638,0.9223625488674854
0.9237445916816313,0.9224567866570146
0.31931984297621796,0.3401916668825775
0.7564601280263584,0.7473817140031143
0.9315402185704178,0.9223791048075105
0.9954258083192857,0.991280303638848
0.9954739604277673,0.9596710819344763
0.9291899902575514,0.9256525647439888
0.9828392487953306,0.976245976044555
0.9081339442138244,0.9031071383343834
0.9202481380639216,0.9227956694918573
0.9045899399247092,0.9145746580532537
0.9134123268941929,0.9187902842719504
0.38462549741521895,0.39620051775468124
0.9267449889432471,0.9231997003761334
0.9046162558597718,0.9093517577511134
0.9222141470394363,0.930235579702436
0.9256770530970546,0.9251147698076911
0.9122864049684681,0.9221387942922759
0.8207984024025862,0.8068883085156129
0.9951536819542378,0.9851920148295248
0.9943809382259846,1.0043294438529697
0.9351981268612111,0.9243915782420435
0.2535946484853965,0.2788573004802002
0.9954241871577286,0.9859139107580033
0.381247588308845,0.39307250426755314
0.8501075957114548,0.815360141251193
0.7967655589966162,0.7874285162614454
0.993210810248095,0.9999057954839996
0.9376106130889547,0.9224519021439042
0.9301040405780616,0.9222860202428746
0.9953891333274455,0.9949486812742689
0.9953788829984296,0.9858323073714272
0.9367384903853491,0.9221915695855953
0.9279761537932691,0.9225176957394501
0.903520970364315,0.8993990001339407
0.9324995743736575,0.9224558454005445
0.9149048209727291,0.9226963410277245
0.9954525995010067,1.0054066723114827
0.9369370455987277,0.9247493242227547
0.9945597828657108,0.9934194362841593
0.9156718323225272,0.9063930430305982
0.15118518168942804,0.1670685406505923
0.9186314018927307,0.9232363447990357
0.9036639457380359,0.8977607126277656
0.9314642742881651,0.9219069987456363
0.9953389235505168,0.986799025771421
0.9952212408744802,0.9862557365867586
0.9035810821769685,0.9054342835639426
0.9279220183300456,0.9234407703807053
0.9945679786489319,0.9933035694354571
0.9037731929532906,0.8992347847304076
0.9954097605088651,0.95677271246696
0.0,0.03725440430590066
0.9375268963002326,0.9219327520033174
0.11363577618338033,0.11601332549658405
0.91225566927731,0.922269117397529
0.9036685545500025,0.901798118604149
0.9072973047234048,0.9108684737023287
0.3469522654325059,0.5132826810949096
0.6531656878108996,0.6519281988672843
0.31734479619709804,0.5017911081763655
0.9377178213181357,0.922547240812956
0.9059145025059085,0.9052183469254436
0.9332651817205669,0.9221435362095312
0.9950436614455971,1.006185619529293
0.1209981648386111,0.12665586020235065
0.9248573422226141,0.9221530215283371
0.9951595891839599,0.9892441723084628
0.9374336508584263,0.9223746266067492
0.9936990024617736,0.9854286702750015
0.7233831087388886,0.6855956392461335
0.9282153595164757,0.9264621765816416
0.9945783858962929,0.993481172670573
0.9951807660475591,1.0018460262417674
0.9291786736809009,0.9224167917052055
0.9233489377600298,0.9221652325060239
0.6029851756330111,0.5782848157347926
0.9951539200641386,0.989719586786296
0.912323860553848,0.9221704099418373
0.9953191565345594,0.9997396336207514
0.9356701863223676,0.9224705471695698
0.9286080976589167,0.9264855559084006
0.9355784247072132,0.9222463458492944
0.0,0.03974869437230932
0.9114106696691091,0.9044791164989254
0.9945069582780657,1.0041694066109867
0.9124150112359504,0.925383307768679
0.5469310985192117,0.5636817263741873
0.9299239014024068,0.922526475392071
0.9209909269207197,0.921963886161147
0.9121083974807417,0.9222383110994476
0.9946514906666041,0.991373120594349
0.9905942727751988,0.9914147127288571
0.9228157697375743,0.9218613686949828
0.1363378430621365,0.14628725725431746
0.995196826585145,0.9574910840672883
0.10401541656298098,0.10286988772448336
0.9298086746921363,0.9224815381638818
0.99531807320097,1.0024432229370914
0.909310792616136,0.9021104979633519
0.9954082661777042,1.0049218525947792
0.907940684630455,0.9166349589154175
0.08309188662319875,0.07256124415609388
0.30225482646930213,0.3254800369609425
0.9271379351790082,0.9220824010732249
0.1606099440228144,0.17888209194241522
0.9123761176895273,0.9222839247031542
0.9951627589644381,1.0054092845415026
0.9167872763536534,0.9221725049143279
0.9121340183004587,0.9221568592835281
0.5604027702913382,0.543677430828569
0.928573921231608,0.9223492035054432
0.9124756639862655,0.9221938483054677
0.9949034571255211,1.0060838473042564
0.9037290303936536,0.9030353742175512
0.9376099618062841,0.9222066251330601
0.7752935869445516,0.738878236911904
0.9284306780553201,0.9239522611037971
0.995158829097721,0.9851886820586655
0.9372171429879163,0.9224252829032791
0.9953154358503478,1.0043613966648364
0.9369838563455304,0.9221018182943608
0.8870881681777865,0.8534350032748703
0.9334523703865042,0.9226738792629012
0.9775774322701262,0.9678545253073763
0.11364322751383969,0.11629022390902133
0.8501105725773273,0.8154671418850681
0.9223774677324543,0.9218467597109372
0.9371781571429187,0.9221985487390425
0.9312405728350767,0.9220655632331143
0.9097075726877183,0.9061133684623011
0.9948939811113445,0.9978439590893116
0.9264475342902538,0.9226680845868165
0.9120361761290607,0.922155226669271
0.9951516752341315,0.9732667186123818
0.9954714262201596,1.0024948205984883
0.9133330117761944,0.9231714040506693
0.6975916307236517,0.704853913896005
0.9337241525303261,0.9240422708625138
0.9360034160857142,0.922116677440445
0.9121178397213282,0.9236554465076301
0.9954372395774059,0.9851600107349183
0.995302579199844,0.9943480302595331
0.9267669301201086,0.9224999255523469
0.9120428332719347,0.9234304597336118
0.22107527117126766,0.24704639299558817
0.9954689765060364,0.9852924016666575
0.9259045405670991,0.9225520026468912
0.14136173946762667,0.15295607003561695
0.9179626168178636,0.9225364860429996
0.31936893236697156,0.3409071969672537
0.9121446703531276,0.9222789437983918
0.9282543520585553,0.9235249487986215
0.9314538737649193,0.9223111815272018
0.9263878275210874,0.9219244318088924
0.9134989158859478,0.922833613466703
0.9348268681282924,0.9226700347482923
0.9121676602711316,0.9223247240531434
0.08308099126208193,0.07238733647507711
0.8974280865537274,0.9072585798982216
0.9241092862373528,0.9226603197127092
0.8563334001464674,0.8189667607363331
0.5851698395647801,0.562989228353973
0.8479965785142448,0.863197862156329
0.9789969229936105,0.9699862109734054
0.9894475832699222,0.9891095578518216
0.9374182089524324,0.9224460169490767
0.9375363973034828,0.9219627974091038
0.39414233844990576,0.4039147248966115
0.9285108555106355,0.922170548760131
0.9037396440087808,0.901739248894109
0.7551253481785378,0.7190682285507419
0.9248543954510896,0.9184653119061137
0.9120553098600063,0.9222947280374667
0.9223082850044708,0.9242003610367648
0.9259016870101255,0.9238187150248658
0.09740991064338414,0.09343257433131935
0.9917630353199993,0.9949093536420888
0.9033449653956697,0.8946247831035103
0.07762200956789966,0.06415236253646395
0.994678517688971,0.9946918335359412
0.9248339131685193,0.9212642257801358
0.9951639168849113,0.9873287916567532
0.9368521386657837,0.9223396888112303
0.9257171208938704,0.9222879176590792
0.912506629078672,0.9220502255356164
0.9226714834554575,0.9223477470449266
0.918535860805905,0.907683040784387
0.9951455465321226,0.988047090929018
0.9271534539934307,0.922080339083494
0.9124587232628444,0.9223409041172408
0.164885111539699,0.1824595348613398
0.9954742006241806,0.9721048121083582
0.844371278944342,0.8067512448322587
0.9367114699761313,0.9222775388785065
0.9099938982572233,0.9191784888734693
0.9120655303751125,0.9219083736977565
0.07770078524051265,0.06424037826612317
0.41875584113482484,0.42442390120267515
0.07704968532386963,0.06364791854930996
0.9311016166991848,0.9224495428134629
0.9121643088585172,0.9228918931482673
0.9952047188798705,0.967889054770029
0.09732154652569716,0.09328807336511868
0.9121045170536386,0.9240081312010799
0.7060644057730782,0.7050294948603719
0.9129092428219524,0.9222372859629138
0.9954710468007298,1.0055498625096702
0.5942171740663267,0.5719843114715841
0.9155087452499109,0.922005949764169
0.9949550319836193,0.9980302874251548
0.7413318280674979,0.7027382646868032
0.5277437193585943,0.5166708639980184
0.9953609431354014,0.9623134271162881
0.9323628735071898,0.9221782745829499
0.916419689511311,0.9226853709739222
0.9073845205263728,0.8980213269724624
0.9033388056244273,0.894546521093365
0.9303722403580882,0.9284125816954232
0.9954682417178954,0.9880380481233884
0.995119639753698,0.9998519391029559
0.9952647410614255,0.9924880876452589
0.9127511644491532,0.9220602345312114
0.9939630127739185,0.987215723020813
0.2905109631858407,0.3138494547720425
0.7255714072836014,0.7175441946409817
0.911782510995966,0.9227893740954292
0.9951153262649228,1.0062933773979408
0.9951263532286787,1.0047737444230078
0.9927221862196605,0.9876634787549277
0.9954716726544056,0.9861029700134365
0.9358184101885464,0.9224802292907439
0.9949933997525153,0.9996529246862762
0.9123289483745612,0.9226699766285753
0.9336428992429594,0.9209552455343397
0.8808109810795799,0.8474512680010262
0.9951976646766592,0.9896146331843481
0.9121771615938442,0.9220453958837487
0.9946985912061086,0.993116289660338
0.9191073285756265,0.9221391176029092
0.932285771118726,0.919285928263565
0.14756392352285116,0.16194504623117023
0.09126358028414544,0.08379238048481152
0.9037476134137109,0.9046673316300167
0.9951545290993277,0.9865030918360445
0.9066658485701952,0.9083377980128207
0.937244619724546,0.9224044154596767
0.995172128769253,1.0030741431929497
0.9294847796774802,0.9224382440088972
0.912056515139543,0.9243654494460385
0.995469189878512,0.9852845699090578
0.9151939284119853,0.9222440761343256
0.9033583550915432,0.9070943971844736
0.9066192382343975,0.9007933154254593
0.933524140312726,0.922316158555577
0.9952447900661392,0.9984956740749764
0.9136832214856622,0.9220041315462266
0.9276716320312609,0.9229712009345894
0.0907419318996491,0.08263501566695464
0.937525477513428,0.9219505212959467
0.5388857629244777,0.5593251736263083
0.912250975462523,0.9223445176620997
0.564586180048239,0.5677234690620763
0.923849777820779,0.9227947052808174
0.9952706052514558,1.0059172799654048
0.9130309343356674,0.922538627499228
0.9356061968694078,0.9222749042522222
0.9374547698417839,0.9234381295248921
0.45148852415020174,0.45335451289732287
0.9123366562959159,0.922359095315552
0.9953018820586473,1.0053858412788825
0.08064015774301236,0.06931243201525472
0.109079415222787,0.10905063782566327
0.9953407558469739,0.9908793732675631
0.9328131877505629,0.922156095929469
0.9371563543511239,0.9222627527189138
0.9373730677106596,0.9223805908806595
0.9377251555449934,0.922464018240805
0.995446091251237,0.9854143041283576
0.9296340367363324,0.9208369912658325
0.9377121503303308,0.9224010958238713
0.9134649154907772,0.9220199236372499
0.9938142896989617,0.987544512576636
0.9302789155009089,0.9232128634527585
0.9944741552774747,0.9899447430686505
0.9151670128755988,0.9204121963136904
0.9120126990719783,0.9224775228302553
0.9057070019851156,0.9053379745957253
0.09181068872469178,0.08523245067830754
0.9375677971272975,0.9223034407952495
0.927043606332945,0.9196355030151322
0.9943127545602298,0.9896327246028731
0.9121649162904086,0.9228042119764437
0.2193438184978333,0.24501873282800357
0.9945231215048003,1.0044266461834068
0.924146036847227,0.9222335386824794
0.871373486151929,0.8623174188817613
0.9832315499785494,0.9771802834652759
0.9360537798499948,0.9225660765492085
0.9122261251174635,0.9223911983794002
0.8135792570645558,0.7768485283185269
0.09876083928646742,0.09463925261919126
0.9058299292037391,0.9006425115908536
0.9121057560716465,0.9222588076946279
0.995459622551296,1.0055561013812762
0.951519801620449,0.9360336475777649
0.9120753973723635,0.9221740181637257
0.9938765054584056,1.0024870340933658
0.9119451501041772,0.9222737866576969
0.9132519905977328,0.9186723061380944
0.9120819255139783,0.922242628294998
0.9222814864521232,0.9164043318357846
0.920810038652649,0.9136171296102082
0.9184689465280097,0.9208621361881013
0.5363866337870244,0.5607768158173085
0.9374318818981159,0.9219632324388298
0.9233051888877164,0.922165306997278
0.9325397811316094,0.9220764397294543
0.9138116344990421,0.915791872567179
0.5214430583964813,0.557159050428214
0.99007510926892,0.9718322018509467
0.9291811996529473,0.9224007439687929
0.9066651822037266,0.9076240343681041
0.9950829979115722,1.0026040471133397
0.9318547336613314,0.9224571398176975
0.9951618740258363,0.9902153117872841
0.9149385805124557,0.9229823126475578
0.9364382265794583,0.9223380621569488
0.9245196594831809,0.9211756431431519
0.6333749950227526,0.6073794068694438
0.9374621267809381,0.9219209474413352
0.90863242036002,0.9180907424398752
0.11030966957679654,0.11194308008880949
0.9273668718648534,0.9264289571729565
0.60071734901419,0.6065650385281343
0.9373198917350235,0.922214681694256
0.9201916351726709,0.9223969340985603
0.9905907834605311,0.9746671134104359
0.9368980258184589,0.9224246159925995
0.59905882879241,0.5761530439348972
0.9952499275268044,0.9996794086320078
0.12008279157827616,0.12435260175392937
0.9367184778208967,0.9242168856720125
0.9133970499771746,0.9188727250819033
0.9132179614896684,0.9225149694757198
0.5268499086175513,0.5159982680567792
0.18996973173863477,0.2127983593702707
0.9285308789312742,0.9247711521228821
0.995057221005253,1.0019610791619042
0.9230970730110747,0.9222382777948992
0.9138803031780098,0.9224571804496007
0.9316260950318911,0.9221603387181103
0.9121618881967748,0.9221277569614399
0.8617314944384901,0.8653802106338615
0.9291971556375652,0.9224802796486307
0.9954299613357349,0.9930187922137064
0.927329577935659,0.9220561988867919
0.9952836215988667,0.978086764145206
0.9033384921454385,0.8939006354243952
0.09857560226253033,0.09449346496849653
0.9953067471966879,0.9852351421470358
0.9036319501308008,0.9035000288240882
0.923672600147027,0.9221652567903922
0.995146237211281,0.9880577961866548
0.9954405735698616,0.9879778100501566
0.9818839291819029,0.9745040162766996
0.9120421374978752,0.9235958059346059
0.9334753337717517,0.9219287461561683
0.9157354728148944,0.9227025318767721
0.995430769830853,0.9867256644880369
0.9285936278118101,0.9282740120517001
0.9954386274385708,0.9913135664030106
0.9951646166089714,0.9903580428469949
0.993311012334483,0.9837462270822241
0.3688434867147401,0.3826200552453143
0.9199786435545116,0.9127561650881288
0.40371197625312577,0.5248142346441851
0.9248199890860846,0.9225432018728617
0.9077911092798701,0.9107183618628474
0.9201510446565387,0.9128976323518492
0.9346130145642808,0.9224590776766517
0.9951023157563125,0.9972553451037411
0.9443686482856826,0.9230179291409
0.9297050061568068,0.9230270273620453
0.9131648547361259,0.9223602019261916
0.9120110572607606,0.9241409064015711
0.14666569501924964,0.16124380876074706
0.9932134205823666,0.9832089280630951
0.9952824619101649,1.0034289468888486
0.9952477295374742,0.9934285626050778
0.9952124788568053,1.0054579855433756
0.8837183343028251,0.8519313789247631
0.2549638577069708,0.27997062408037987
0.9151894482249803,0.922352851064665
0.9375098356107381,0.9224850900216124
0.9203649766415967,0.9249894065975672
0.9952302040295055,0.9985065289378978
0.9346495283571091,0.9222868975585419
0.9034974574572587,0.9028994798779566
0.9266815028283523,0.9219410479949497
0.8890254981791228,0.8909519850235226
0.912096157502439,0.922353710361544
0.9129088619511234,0.922141595089367
0.9954183088648249,1.0017410136569138
0.9954499607305064,0.998157957798969
0.9906045108843041,0.9914542991103472
0.9295623283953888,0.9225737369345177
0.995414389368559,0.9854092112983635
0.9152651200364805,0.9221337349664145
0.917807475967365,0.9209195410495168
0.9951757766336331,0.9932922994318174
0.9954673456252824,0.9924881696050845
0.8972640203470199,0.9015080821400927
0.9376502185172155,0.9223330340092373
0.9122013973823313,0.9223750949657079
0.9951732522189286,1.0035491813839341
0.5790828438279076,0.5848874319380739
0.36006981939696686,0.3751289466712988
0.9177853251544825,0.9101993946165505
0.9197958242324268,0.9222217762769089
0.9935406121959995,0.9504897322173234
0.927387346822424,0.9229606417744671
0.9121794403547209,0.9223085743238775
0.9039191831552584,0.900972851734779
0.8322281201123526,0.7964697858184477
0.936970953646428,0.9224444805549608
0.9254214223146354,0.9210640351140382
0.9120594697948364,0.9236802117044958
0.9122836417882116,0.9222628885195929
0.9278256630217335,0.9241325596069911
0.9118267775784954,0.9228024357385634
0.9954512919471297,0.9861045296698334
0.9951645329739601,0.9576933255621212
0.5297515735810806,0.5174161918033233
0.9122640263890193,0.9223830069477286
0.9286599670899099,0.9214907928802036
0.995310023803563,1.0010820967951473
0.8714523195049763,0.880885294491935
0.6742629826941193,0.6769378625181615
0.9123311343348746,0.922335039820644
0.9338158065920305,0.9226134811020072
0.9279420275363454,0.9192753433339389
0.9358776929856164,0.9223464701381436
0.9953902528991945,0.9955121771480888
0.9951593512098258,0.9977869603753247
0.9954500071591805,0.9868422535548858
0.9125956906146026,0.9222301776100279
0.9035861512932941,0.8999078862667043
0.9288776239609124,0.9242980957900704
0.9116656009359668,0.9228184161368125
0.17288497112189086,0.19302935057261816
0.9373475871518606,0.9222831086397845
0.9298401065497688,0.9220429917099038
0.9371682056866012,0.9222994992756446
0.9368997568837143,0.9221733061274042
0.9122295156423521,0.9216914310731026
0.10017367588370008,0.09621829230219969
0.9366826726323628,0.9224276263775364
0.9914382647935883,0.978105968193705
0.3537282346175021,0.3705690744282206
0.667510130152291,0.6744967896554384
0.9954644337150048,0.9800183085028662
0.9176770434631363,0.9218821371370565
0.453832208347548,0.4543424628447097
0.5271471811313456,0.5578488632444474
0.9250073861347806,0.9222813293253571
0.9371937471005122,0.9224524554884423
0.9950977557576649,0.9972487361511808
0.9220388104222192,0.9215875771979745
0.9119535957620166,0.922231319035208
0.9371090159757101,0.9224831307522363
0.9037068870546426,0.9067396897898066
0.8777611510355171,0.885965971207173
0.3630002332600096,0.37921176898847175
0.912637725336715,0.9222346614199948
0.9320202557512923,0.9224303073365574
0.9050686122640547,0.9068544402535279
0.9642367202110989,0.9486704589628117
0.350117179287739,0.3667254771266526
0.995470874746506,0.9901111120936035
0.9033074074228209,0.9091686066059124
0.5332508228859606,0.5566947263173629
0.912315475521964,0.9221263534799418
0.08307999121828148,0.07224853404774745
0.8775983290177908,0.8859319809104589
0.935845645580013,0.922261188028652
0.9954260529309494,0.9903217571329064
0.9952034613175891,0.9982345605959777
0.9773321478953745,0.9676063780738842
0.9122173863149983,0.9222014904086988
0.9951564266939624,1.0056210165985986
0.9129393221509985,0.9223655352806039
0.91268252115976,0.9224327649362349
0.9943058787572475,1.0042750791505055
0.9948416479369547,1.0053823881196022
0.44209706607480437,0.4440253837926944
0.9123462877927159,0.9227756849098254
0.9133784104577395,0.922911233643144
0.6188706252405913,0.6182297668390389
0.9120722040063589,0.9221722550955347
0.9083440808951494,0.9315541382512276
0.8437037828325107,0.8058274877240192
0.9040337149901959,0.9031580223504401
0.9951872813922455,0.9808951914073587
0.3767742792030021,0.3900818482651571
0.9374724418084857,0.9223800810721938
0.9122389745259049,0.922208918286695
0.9112228389900758,0.9212341084765603
0.9120991386369679,0.9223318398582192
0.9952200201654736,0.9737524064890577
0.9953282814282198,0.9933041212577391
0.9035019199591766,0.9001284405752363
0.9440224478493857,0.9228756357458279
0.9376431063609251,0.9223901965625272
0.5465386762229861,0.5314186882615273
0.9376866236497357,0.9220735243716964
0.3002530420860939,0.3242276978992491
0.9376288780482238,0.9247177998915772
0.15146087472559913,0.16731771561372266
0.17583150990260707,0.19559476890744332
0.9037458888870534,0.8947715106828182
0.6664730300752008,0.6623466159222913
0.9951606888356888,0.9860931353579927
0.9201116731250234,0.9124158160250895
0.9373741464481352,0.9245670644198958
0.9117842705625349,0.9220899739727342
0.9950561666376655,1.0044877786496214
0.9951555313244136,0.9927044927744815
0.9161630336723059,0.9223371070821775
0.9118089532313249,0.9229650289797986
0.9374067576473002,0.9219135905662297
0.9119485257902151,0.923004893413121
0.9432035215284676,0.9220366267050677
0.9952153721797674,1.0018347048472718
0.9952343539816069,0.9852253428570519
0.937072820597663,0.9221721692262426
0.9953359493895025,0.9895191880176553
0.9894390299650628,0.9891695179079134
0.9117884115850813,0.922074608183034
0.90351545052425,0.9038079119865889
0.9122736263284794,0.9222621324707516
0.9354054734707056,0.9223698332912056
0.9876903596021007,0.9850544014266971
0.9366525005544549,0.9222347918720102
0.9124660129025668,0.9223775341634228
0.9376138516582011,0.9219131494598996
0.9121331472993699,0.9226419011907039
0.9234818343356108,0.9223604877336156
0.9953021079129953,0.9960650992223377
0.9364197727323046,0.9222246280951039
0.9951549290435215,0.9896940339129996
0.9037745789336094,0.8987259417590296
0.8553322462668382,0.8426834649315706
0.309531764762385,0.33219629640759063
0.9369659544405228,0.9220959277548877
0.1707475752713711,0.19078360795909344
0.912533508313146,0.9246137654927855
0.9035058548482644,0.8993845107489777
0.9953686228125151,1.0025427408367333
0.9949277488157537,0.9966963570249616
0.9034768822099164,0.9057867711427017
0.9373314967729433,0.9222142359611452
0.9951601228497058,0.9734373434366885
0.9188367293018476,0.9128558168226801
0.9204946455640854,0.9128773960799004
0.9120913542459537,0.9222720078235893
0.9948297756958094,0.9968948085894622
0.9348510453230572,0.9224008245021755
0.9220166599335105,0.9281245261704454
0.921968280541759,0.9224930304781465
0.9033775895123223,0.8992897808555016
0.1982341586364324,0.22123986416439134
0.9375976833277669,0.9222139639401723
0.9038187300136593,0.9154209524945669
0.9118069798452335,0.922154289124296
0.8996332073918475,0.910432027776575
0.24144137973594013,0.268327565964813
0.9329978091438599,0.922173807067785
0.929119619025584,0.9220383185238132
0.961276884890761,0.944412974666494
0.9319301609763606,0.9222154080367728
0.0,0.03915747663548341
0.9118412583005241,0.9099670834398497
0.6135563925263333,0.6132140567197153
0.9122229108063662,0.922596717752092
0.9949547195762927,1.00578887036865
0.9305766500369309,0.9220560714430688
0.9952099731442322,1.003460008487468
0.912346353605589,0.9223925670856152
0.9120695437287203,0.9220530540392167
0.9951888660626262,1.0062962657502963
0.9340825138034434,0.9237322430814983
0.9952658193754162,0.9681484499296458
0.5215534844080408,0.5541720524181697
0.913460436550141,0.9047894140290405
0.9938883890605774,0.9878463849321575
0.07731770040920685,0.06386509661071482
0.916816997982267,0.9224528191218537
0.9119748036613265,0.9223178851183311
0.9951277650363715,1.0052883703046005
0.9952312034278511,0.9855011383321424
0.9942536094545233,0.9884137616978022
0.9339444102720744,0.9223492196279137
0.7133205810969102,0.6792980722716662
0.9036460999455382,0.9028349940624407
0.9123198755419581,0.9219845884570317
0.9289282716815926,0.9242822522696708
0.1871472952140203,0.20870168387843346
0.9120296542544072,0.9226186556013891
0.9125625879431772,0.9022757946360018
0.9210051928264869,0.9221721773369884
0.9952806898636772,1.0051105039716104
0.9954702662645586,1.0010188555556736
0.9122611100749854,0.9221904918182977
0.9953859100099978,0.9980335773094167
0.07818961135935354,0.06589686436474818
0.5952959006231348,0.5732211490167911
0.9953908168003668,0.9665101896481074
0.936733212949026,0.9222150050589262
0.5279133114373055,0.5578699204605355
0.9935517502732419,1.0003572508813532
0.0,0.038934133058904585
0.9915608956976171,0.9664999880326546
0.2329432673628589,0.2580168576196966
0.9249964246793788,0.9220592434820913
0.9232895619524291,0.9224717985205713
0.9953573939842979,0.9853894154997134
0.9951738964583169,1.003703498084195
0.9122592527342127,0.9220793378263954
0.9514927689969491,0.9323037295311734
0.9122076461738824,0.9225890250822024
0.9947098769500625,0.9936660435935805
0.9950589362210724,1.005801520671997
0.9950965304908679,0.9990546842800709
0.9347743189761607,0.922138879951599
0.922762646476813,0.9216540091749801
0.7044739582711039,0.8018855604999713
0.9951787859780158,1.0007229662240489
0.9121366730847766,0.9222487446044765
0.5460519923991962,0.5633330954838867
0.994815264265268,1.0052610222998792
0.9122885148012246,0.9221165983601081
0.9931308290088271,0.9842271260611595
0.7674214246713726,0.7768765771638071
0.937198793940754,0.9221981945821041
0.975881601338719,0.9660355472470483
0.921844932908987,0.9222115450067525
0.77941135310984,0.7805207811114938
0.9950404257282517,1.0045430125090489
0.6515134232352819,0.6529870908984376
0.9951359566402073,0.9969472602214351
0.2064541884231102,0.23189091734362233
0.9951577168050689,0.9899106450348141
0.11913817898902543,0.12355028133022739
0.9331320704772145,0.9224232631966016
0.903967031891666,0.9040332070897614
0.9176512518561216,0.9224456086089914
0.47436875127762107,0.5465881015665159
0.9282393516920061,0.927871784125557
0.9209255360078059,0.9224041193316337
0.9375945524086391,0.9224385661438275
0.930007840106176,0.9225350566278427
0.9218582454009446,0.9224322659718842
0.9905993378248094,0.9920652014674429
0.9954435599635263,0.9979783931148232
0.9033280898044586,0.9110001534378815
0.914276350501019,0.921815035622191
0.9288038861141359,0.9219242920348014
0.9039696913570677,0.9040382294033842
0.6168656286589693,0.5919216395087288
0.9344237734075569,0.9223459911143435
0.9038832310275391,0.9111753347255975
0.14214405447407066,0.15538408107842638
0.9226346217627757,0.922477893468133
0.9366770791471364,0.9222831269071881
0.9207618441843253,0.9195700953890578
0.9332709840582327,0.9221314942500092
0.9320307974716057,0.9122997180493497
0.9122302506239596,0.9222612898584535
0.903544307334159,0.9053083325876541
0.9919043851522024,0.9791665909161393
0.9952269289986213,0.9782391637349006
0.9338919607965338,0.9224300646564414
0.9946215635298429,0.9916986456235035
0.061217936174610535,0.0424092323288674
0.9133990731855237,0.921714096344556
0.9267101812252011,0.9221297140545728
0.9133550436542973,0.9221283659130171
0.9375175444780971,0.9225050861312623
0.9266564777397804,0.9195384241602751
0.9123800397615354,0.9230385183708973
0.9290301551624134,0.9258688624488345
0.976879918316536,0.9672381761765392
0.9928629454395748,0.9981742935462021
0.9294238395814686,0.9257011687860546
0.9040528761049476,0.9157707923083658
0.9034342075850659,0.904778353673696
0.9952860544306638,0.9941443066532569
0.995123941025594,1.006286947058146
0.9122416828789147,0.922178102489581
0.9034331290448563,0.901141866711936
0.9033693181490233,0.9015396297112384
0.07963746685313909,0.06714004974402865
0.9188023665738116,0.9110610127040006
0.9100718745328191,0.9206179191016828
0.9935681845847144,1.0012360633615058
0.9036000280889915,0.9155655906023972
0.9266989341336238,0.9220280436979733
0.9120906942402056,0.9222131786131227
0.850130725290169,0.8156650216895001
0.9376999574867758,0.9224002171058663
0.17616611080974443,0.19665521432144129
0.935505130992902,0.9224681498907215
0.897468856973967,0.8673762336774358
0.9105426544801561,0.901852574574197
0.9204152134745839,0.9224282504143373
0.9272116759314635,0.9190999728518063
0.9375540736611505,0.9224242886519134
0.07549002899356784,0.04183361901182803
0.9120219624263197,0.9222097007303907
0.9953004580230468,0.9895397822290475
0.9286773493023364,0.9216791210960205
0.9203511797445664,0.9187268924263554
0.11646782630632911,0.11929294330419093
0.16315030340814862,0.1809203919514344
0.9251144056584861,0.9216267050426117
0.9235933488026719,0.927521698374103
0.4067762288340125,0.41448608048127067
0.9370241880929226,0.9221611854036267
0.1182487300338979,0.12285958480255754
0.9366719013707907,0.922061444073111
0.9947026054010241,0.9944939498461762
0.9951077525233784,1.001031768637989
0.9951535982005559,0.9921026421173336
0.9116622417392687,0.9216209849508443
0.5825424326433857,0.5826843952088039
0.9949044619395284,1.006132971991252
0.9261492263826572,0.9223218726915396
0.9949490937323474,1.0058606097891412
0.7584887500829852,0.7643718449417234
0.9951554926137829,0.9579784332393215
0.9942127666139188,0.9895065452437874
0.9950923943224105,1.0029515898539954
0.9951913641297435,0.9940516810084885
0.9376820578988752,0.9245475268317795
0.9224145197477918,0.9232401451247076
0.9170673477891984,0.9231277310880808
0.995413619939805,1.0003873962767242
0.18297967005807253,0.20535612432321937
0.9188344814001411,0.8903932242766528
0.8052722217113817,0.8078046428609182
0.9036818315386589,0.90133112251175
0.29344776680590434,0.4923626156326746
0.33986764560573673,0.3581212909865199
0.9124185479419898,0.9222271959698132
0.06677203816280344,0.04986477097596076
0.20076559985877557,0.22549020924704433
0.8813050789961373,0.8823370393717225
0.08050858104716554,0.06837729258457426
0.28191931538124776,0.3072899573662822
0.0688262273547691,0.05332047701957077
0.9942963893092176,1.0033000822907239
0.9121064747598503,0.9225506220721682
0.29073926143374007,0.31496682572334844
0.9120558479020531,0.9223010949274224
0.9954735729985295,0.9748308733106397
0.9951265779917579,1.004787064065897
0.9150034175960364,0.9219056952289106
0.9953477221302396,1.005580293397176
0.9372568734707262,0.922241198526808
0.9303470268800015,0.9279926390720936
0.9953758422421535,0.9942267217086451
0.9951603438777993,1.00267296841223
0.9374519285965194,0.9224847779099248
0.35863550962834345,0.3738667004957561
0.9591587150768466,0.9430382845701102
0.9954038902453115,0.9664750067197074
0.9951462972833324,0.9969095938876817
0.9274004152563555,0.9224475944171777
0.9121254339527675,0.9223358050116763
0.9329569023040818,0.9208605498447637
0.9953353642217205,0.9769007667542438
0.9122417477645164,0.9223789200882946
0.9280515313197435,0.92364243242075
0.9155464041975511,0.9066653324065301
0.4695021769909059,0.5446198695279518
0.7143320138065784,0.6803905974248492
0.9116321791310978,0.9215475422383532
0.9954053752542723,0.9932071334058774
0.993104435229892,0.9988115812929719
0.9348582723042264,0.9224760415726996
0.9253867802505216,0.9224225992241086
0.6777207234070198,0.6445834149349308
0.9952877386985051,1.005912369433946
0.911402378115185,0.9217048694141665
0.6528385881038944,0.6247580212850208
0.20110026499193995,0.22571626950629575
0.9373710140443829,0.9240015686743623
0.9953571689003595,0.9868816130319855
0.9374813587922742,0.922376175411066
0.9122107326894117,0.9223155818340905
0.11221799352219645,0.11367075316776987
0.970825257837671,0.9584784160292825
0.9244786628761412,0.9224151110070045
0.9952952803103411,0.9855231235054331
0.43922490813721626,0.44253604339140207
0.9373032041278412,0.9221628382437101
0.42620899755590963,0.4315754017261666
0.993376735680864,0.9995619274299825
0.9288765691671111,0.9238273461257043
0.5415486062698165,0.561800983895199
0.9948694149918614,0.9959976931963181
0.9121431364802816,0.9221267985048014
0.9373644372770066,0.922090830020287
0.915465501766132,0.9243874405377381
0.9111314241904306,0.9201013118851078
0.5369460557498491,0.5222635240474629
0.9953752829765439,1.004465327811931
0.46492541598355147,0.46412954760275493
0.9309484338102761,0.9225220994150964
0.8340734457664952,0.8171952593082379
0.9901957342540245,0.99043673309622
0.9351167634936629,0.9225807253693139
0.9035116436204069,0.8981481483204794
0.9157316189910305,0.923811636159118
0.9377508776404662,0.9221979000460001
0.9954731967027937,0.989377819280409
0.5441190626518758,0.5305200918310957
0.22631991474137764,0.2522434559492295
0.9036138968986974,0.9085268031497771
0.9161401207015482,0.9222446891440823
0.08118674905507747,0.0699146359764482
0.9035593873980053,0.899796814875546
0.9255983035679559,0.9224384974751016
0.9899973865147489,0.9721760029776645
0.7743791197125226,0.7371617103487607
0.9951599176254476,0.9673188766523877
0.47357414570827594,0.5471857078585627
0.9159420964990835,0.9121224166135624
0.936258370940928,0.9221225859902686
0.9133669368375856,0.9223916453483509
0.9927739561253198,0.9983628420910291
0.9349771254309526,0.9217454402762426
0.9123548157778929,0.922277907932016
0.9952704452810563,1.0034120601731784
0.9243329886017757,0.9178944224121475
0.08528826286961241,0.07484319274836349
0.08845127245742371,0.08001549871029834
0.9954100938514394,1.0054565078921227
0.995428278376856,1.0043706818976004
0.9759156016536766,0.9662954203589775
0.9953717066973365,0.9890680994723366
0.995328170421751,0.9876264189127992
0.995276707588109,1.0053881267573415
0.9951663344734181,1.0016876680313116
0.11245264808324328,0.11386842747141923
0.34837484921743095,0.5134634712637931
0.9120549622520084,0.9220861967337148
0.9355018844405802,0.9223346863692319
0.9054521023638705,0.8998351207075848
0.07328750038726864,0.05870710667393819
0.9040598026019389,0.9078496050954845
0.8953684804843052,0.8950824462047988
0.9122466412846766,0.922119514208279
0.9144187459664491,0.9048968590996642
0.9363668390452419,0.9221316470393388
0.9953194358031812,0.9938181692999875
0.09703490129275562,0.091658090300899
0.9261651924537814,0.9223508457539458
0.9123401477834221,0.9225628040323377
0.927766131623104,0.9213533496522031
0.9040401153923843,0.9046894866331767
0.9121315621901867,0.9221887240823348
0.9120979569264613,0.9223492814932
0.9201654643277353,0.925811450691076
0.9336067396052211,0.9224517500972835
0.9375675681574593,0.9224871590222703
0.9951638017192018,0.986922139780833
0.1117303620776418,0.11328297698817646
0.9953365094098802,0.9851399352595989
0.937561158883281,0.9224897857532453
0.8463479835718699,0.8096335802987538
0.9121114123101384,0.9223892689324229
0.2821574937527277,0.3076041387067958
0.7825068391403532,0.7753681392826932
0.9952076275893734,0.9938912766143515
0.9123698598923174,0.9222250291862002
0.9124088170579078,0.9223361975616298
0.9953108327345555,0.9851760215203766
0.9904418610066071,0.9759818278265184
0.9284506319600628,0.9223916511060528
0.8781431557560649,0.8858786984272369
0.9954489633390625,0.9658744159126682
0.9083018696647043,0.913198981420801
0.9950342436399979,1.0005945551717472
0.9938611474014515,0.9878014203982444
0.9066946052954468,0.9150438999623818
0.9324756763092322,0.922178556002609
0.9283639099782954,0.9237394674982751
0.102804429799892,0.09994740963289228
0.9432079867792961,0.9222497452361322
0.9954045197097796,1.0034071651590208
0.9953239502638356,0.9991622125883621
0.928255850894987,0.9223848841670756
0.9150389029614822,0.922893357604404
0.9116067544034031,0.9221280102956824
0.9181844592104026,0.9107176325635935
0.9117805150577303,0.9228033793086601
0.28183634843813254,0.3070893541145834
0.8342692930165643,0.7976618288226573
0.912078309585396,0.92195160128104
0.9432091376654109,0.9222639393992322
0.9952804031344231,0.9913675667334472
0.9949595200438088,1.0060810741406554
0.9195621653933096,0.9107553351304452
0.9370429364066998,0.9219087751365889
0.91193061809627,0.9221328168760534
0.9954371974944737,0.9993586988280354
0.7343444128989896,0.6992648477249359
0.1544592760030432,0.16965919401634988
0.5978084808481003,0.600469560314326
0.715587824779294,0.8022767599245695
0.9953933621334217,1.0047075073772218
0.9035246844454198,0.9028374187259418
0.9358243494408103,0.9223148088539785
0.9120564266258221,0.9221243706132176
0.9907329479934655,0.975750193808369
0.2125801520710856,0.23753390936009833
0.9271418353908375,0.9221692616091337
0.9343343394202126,0.9219562946990569
0.11081521460950565,0.11254443158977079
0.9286168330180938,0.9221655447792321
0.09804653989577242,0.09407448973071819
0.9082975789321148,0.9190503716624887
0.25242405487325786,0.27803244474627586
0.9192530385479936,0.9220833731275304
0.926335764303478,0.9223843347392551
0.9053092469982114,0.8989576830409556
0.9953173368813584,0.9960790200623277
0.9116987670165562,0.9225377087841755
0.9954735479169539,0.9749023093991296
0.936734133399716,0.9224671859723896
0.31922882350692555,0.3399390917967535
0.9954705661005184,0.966226270859198
0.9132988432932272,0.9219942705576871
0.9176988786806791,0.9229528249166021
0.9954103166081831,0.98730926913733
0.9924615677487157,0.9810725669064082
0.9343132873710779,0.9221738754508442
0.09507707747848483,0.08975381150658546
0.09015503483789312,0.08209817040763578
0.6162278485058325,0.5917154065326882
0.9300563611284188,0.9229533970044548
0.9144094996724672,0.9223024973144929
0.9922501446140833,0.9964626339289735
0.5173158209247875,0.5537374862236843
0.9125452298145579,0.9222272317341007
0.9195628135612244,0.9122445881354251
0.9954698146451456,0.9880370322162433
0.13151343199021578,0.14011370252991906
0.9035280557937321,0.9034420974994015
0.9035534882948563,0.898889721124184
0.9135542990827945,0.9222404825317723
0.08379074053990326,0.07359054097203721
0.9375245754248522,0.922423810021928
0.9954071165127758,0.992861057672104
0.3403273124964047,0.3598106598581863
0.9953822417739877,0.9980121822438006
0.9155984976132742,0.8970388013251585
0.9953029174082607,1.004747455221934
0.9940582569193962,0.9892106614189258
0.9121757355351359,0.922709642816236
0.9105988637030754,0.9231237835237405
0.9954667209336127,0.9987067728714747
0.9118361284420591,0.9219433768380823
0.995215151455072,0.9945193303277504
0.9118742135054679,0.922007353392952
0.9064988100977682,0.9106739657748717
0.9952042998641932,0.990370239232294
0.9038259876424853,0.9019310795168947
0.9923160414755801,0.9960116641816112
0.912215334101652,0.9223748961916867
0.9035080119056399,0.9000472833280204
0.9940179801096741,0.9869294785461475
0.9101144544363433,0.9205310284090116
0.9935664475125062,0.98570352069284
0.07200917195834447,0.04202725359734227
0.9301187601162567,0.9221167364628498
0.9343814485129214,0.9223478088584249
0.908348674628536,0.9160510639505342
0.995256113790128,0.9895671804169579
0.9370088045721453,0.9221692038061837
0.995456893012595,1.0054088874429423
0.9954136324111672,0.9868583441910515
0.9120250602267839,0.9222476180777077
0.9033195017095144,0.8981399390198677
0.0857233731884679,0.07594905417024034
0.9135057254690901,0.9227730928114708
0.5436366219408957,0.5302281791003507
0.8222684964912682,0.8198943708034561
0.9951948194466183,0.9988999610915981
0.9224784612759656,0.9160780345618607
0.9951783141979916,0.9982771278012192
0.9298806836254565,0.928278416980068
0.9951507498621076,0.991862858894609
0.2858237081299358,0.3098170846574986
0.912006972864776,0.9225523961421791
0.9629921030290868,0.9465299111568752
0.9120070667769088,0.9222528292651999
0.9934659608597494,1.0002458895534287
0.920034607512905,0.9219484386163854
0.9032986646274211,0.9003931775313907
0.995465239736603,1.002487588922338
0.9328609566255827,0.9221386951731523
0.9864683573276273,0.9688629488366756
0.9125460348482953,0.9220656294473413
0.9372453474144942,0.9219539925371043
0.9032811261389273,0.9041127845662489
0.4943640555404808,0.4877978013707489
0.9941220800418312,0.9889635841585998
0.9346829628239675,0.9223614279854813
0.9951247425264577,1.0035934793678107
0.9952069582545894,0.9984594176606434
0.2821866197914327,0.3076327763991058
0.9121015422903621,0.9221247927624701
0.9950376507170864,0.9996042718500062
0.9253828502039613,0.9219272692125129
0.9373862600721381,0.9221700219376308
0.9211619490085048,0.924475742389971
0.9951545055989082,1.004831050773535
0.9123699204501828,0.9245861916297455
0.9038442465153087,0.9090172790412554
0.9155961889508487,0.9221657984298757
0.8321717695028285,0.7962564181855951
0.3722965440999304,0.38564838142697777
0.929692332800274,0.922222879872673
0.17644888941163203,0.19798248839772992
0.9032856890150447,0.9053097874443123
0.9951891169695032,0.9858140148373336
0.9911030081683798,0.9752171579492197
0.9125122107863906,0.9226160318193939
0.9951589471893978,1.005541779856432
0.5014780078175982,0.5508794345693842
0.9082164426448416,0.8990853825133618
0.9952144392404125,0.9967636398506725
0.9952851457457617,0.9908225653315013
0.9931920219617868,0.9844424590137804
0.08594093051084459,0.0768715768763455
0.9374140303546172,0.922369286256493
0.9951705360102697,0.9870255099291851
0.9372101849489076,0.9220517922785296
0.9950061665984402,0.997713115421095
0.9035359663872343,0.903507453248733
0.17489835238967671,0.19457207990650982
0.995451026080185,1.0047405097728044
0.9121617011929959,0.9222585454448646
0.9125023969134655,0.9226414624248482
0.930124633729608,0.9232982663282163
0.32984051934393904,0.35064581853909527
0.9038519225417854,0.912988984100755
0.0973565548636561,0.09334991088265365
0.9254738703551337,0.9232230331333673
0.9944236548354763,0.9898118410969827
0.9268664402592215,0.9201780705323044
0.9279602787562653,0.9221957144362696
0.9133097101104392,0.9222144532038667
0.9954327845188031,1.0054540883650587
0.9353185686176383,0.9224222891459979
0.995289388100285,1.002506343482099
0.99515023200602,1.0055570341583886
0.9204050976335597,0.8929608890296263
0.9954601034678833,0.986745990681615
0.9309510899725439,0.9223850555564495
0.9038748314328503,0.9031622389877993
0.9120472903576653,0.9221120100668854
0.9942520104031783,1.003326881234858
0.289837071848862,0.3130120393712046
0.9922436288625739,0.979505637637021
0.9951636144853565,1.0030825668188639
0.9950302685642595,1.0059627167762697
0.9954514653921059,0.9858295487856763
0.2859128946837918,0.3098744091554577
0.25623631688839826,0.2813452922413431
0.9123129385365094,0.9220998823720086
0.9127679619205777,0.9222060009507187
0.9951677105254437,0.9886680383053799
0.9368094790174708,0.9224776990072767
0.995205248557667,0.9839195260444908
0.9952746558903031,1.0024777225720127
0.9952028575034959,1.0030526871843675
0.911983263885033,0.9219703622669142
0.9349452130552706,0.9228602484644588
0.16151912804057453,0.17975473808714337
0.9334535564470469,0.9100707292842172
0.9276197883677508,0.9237094589040842
0.9122226560778581,0.9223557580879911
0.9287717632708843,0.921502406565927
0.9951578999968415,1.0030656841834569
0.30952401945190533,0.3320258925840731
0.9256333297531695,0.9223893228082458
0.5012503344375828,0.5530299701318482
0.1704703382648825,0.18925439285785028
0.9038203017788771,0.9304125651579609
0.9105822179575891,0.882512538422719
0.9952597281834664,0.9883134957477067
0.8171043913576341,0.8196019042550402
0.915015122537959,0.9220441650230056
0.9087816580576092,0.9173681708683192
0.9953741523390514,0.9851977897683382
0.9034162051275109,0.9064252876379433
0.9952757671497243,0.9887639362393399
0.9954492249954536,0.9561014492955051
0.9953766023038291,0.9870719034897659
0.11327347189851655,0.1147206825111935
0.6104722358311571,0.5854701579711614
0.9235877830842628,0.9222797599719739
0.9121313102151039,0.9223720899040257
0.928659625294784,0.9246630162620111
0.8884765626879442,0.8793013845288327
0.9954406847017117,1.0037795371455358
0.9944281632878771,0.9898212782305249
0.35354048387204623,0.37047442777454176
0.9954489381202489,1.0055486278064079
0.8321822109908391,0.7962811836913088
0.9952460184969167,1.0047749142171822
0.9954119225597446,0.9854103401513354
0.995472482043229,0.9974951482806658
0.9200896524235292,0.9133244435655188
0.9293817418180224,0.9224205622526425
0.6930270770981489,0.6610795185984157
0.9363014606013549,0.922500993705035
0.514661694583371,0.5044122856125055
0.759042100130748,0.720823013490036
0.49459990093980466,0.5495494732815756
0.8754516473664016,0.8397021632446409
0.9122234832995461,0.9220831815021269
0.5207898310982079,0.5536821244587768
0.9031855361784835,0.8978281308476506
0.12367044756650247,0.12939901148708355
0.9035735074774955,0.9011801200892373
0.9107130154415441,0.8941043431698317
0.9953838061751384,1.0047513339093994
0.9954247286619624,1.0025280606294897
0.9276925547821394,0.9203945373492486
0.9281373852665246,0.9213870571288689
0.9951956915645689,0.9877998375435082
0.9951564149851182,1.002492587659563
0.9226319341290332,0.9240489083018728
0.9296502836240812,0.9225422424713985
0.7191606824228852,0.6822962577167742
0.9186407443987263,0.9220120560503089
0.9123215131560368,0.9221246714980955
0.9952639120813663,0.999439034483319
0.8583044365943054,0.8694005826707096
0.9951552173760996,1.0001373007282721
0.06363772974361334,0.042222581850597685
0.9315319570678599,0.9277079185620076
0.9195904052797003,0.9125810253891631
0.9375005506520787,0.9222277886259773
0.9244893003941449,0.9221557352740346
0.915054838837404,0.9223438807742879
0.9036110182910357,0.9099268076564639
0.9952519470497911,0.999446193290555
0.09123244186264777,0.08348246964074502
0.09943458104251063,0.09521148272814894
0.9180473680697301,0.9232426161106231
0.9117261270716404,0.9227310071634767
0.6624873810305658,0.6495147919140036
0.9180473092419573,0.9222926750981442
0.06484905643471081,0.04773764414587145
0.5051840208423719,0.553427200227719
0.9037103350572199,0.9041040795561601
0.9302457209205205,0.926614487188
0.917830092856412,0.9160576327511007
0.9260665227128442,0.9221318645295318
0.9038049094543413,0.9150078137439861
0.9953209935141379,0.9851760784164609
0.10514432680935874,0.10379333991257322
0.9299405655777204,0.9227038552658007
0.06479563532611889,0.04810664113030594
0.15678793616960537,0.17376977146348604
0.20505665193233327,0.22864230306022915
0.9124537180550076,0.9222577038050117
0.9271549336261548,0.9224127392208556
0.9936790587439641,1.0006119393140862
0.9054250772466632,0.896305019869204
0.9171177463593664,0.9222801540793837
0.9124918359392911,0.9222147781742924
0.9951924030554693,1.0058324508791712
0.9035518847052457,0.8986541507543828
0.933978998661071,0.92222270606739
0.9199460177794037,0.908232390643751
0.9221068137976823,0.9178048549560183
0.903851839232184,0.9075351564877208
0.9284503493394739,0.9223886981332319
0.9951537568035492,1.003692227721575
0.9040920827976794,0.9087369446788083
0.9179473959291916,0.909497208687001
0.9954595630825466,0.9912797288906061
0.9932241499741278,0.9998469229298221
0.6033000817827098,0.6119236754195923
0.912112830008072,0.9224850914380545
0.9345877592329418,0.9224308956508542
0.995411258492802,1.0038723581602538
0.9954399474021405,1.0056202292255163
0.25996406428469376,0.2855080652127695
0.9364880211736621,0.9226565443676717
0.4298151174114685,0.4336803643100948
0.9123024199077523,0.9223920173162155
0.9940336904416138,1.0022785615324947
0.9044654396848719,0.9056746017351687
0.912141263667902,0.9225335706557045
0.9078870754628473,0.9182908990026872
0.995159968160694,0.9899007004775795
0.5403822359400099,0.5257292215224707
0.9373930416307326,0.9219125836341879
0.9609806840933783,0.9441595383803643
0.9122723053582604,0.9222044468698227
0.9951830822106009,0.9964524063130851
0.8184843376929901,0.8191655408982568
0.9123328994297631,0.9223426092111451
0.903656079975702,0.9018731571957597
0.15547188803323714,0.17226958451961405
0.9950556997112551,1.0013286123229816
0.9953718710257188,0.9870687282158057
0.9951982881728288,1.0055557814945955
0.9067049219429776,0.91015252723468
0.9132447487711295,0.9049724963680328
0.9953914016304886,1.000629626562744
0.8554277346204785,0.8529146097620552
0.9951932540406689,1.0054272604663934
0.0,0.0389420459203107
0.23925920902145578,0.26444896178408595
0.07562789132857026,0.06209571923655499
0.9123970545745653,0.9225385682696823
0.9220259462898394,0.9154474326950721
0.9125059750262479,0.9230404075865293
0.9951953530440775,0.9886427202326358
0.9124523461333635,0.9222573653208093
0.9123407849480286,0.9223994113879632
0.9040831513978336,0.9041248828167161
0.6105029679450122,0.6122373099311913
0.09128867104512772,0.08437150829151374
0.9121709851379928,0.9223544436056157
0.10801896839245471,0.10819190616099927
0.9308372248488325,0.9220299330628334
0.9174986436044824,0.9225994476250916
0.9117279818492259,0.9229213456151326
0.9953509368990048,1.0055133192777417
0.4267608199717459,0.43183749731652465
0.9122231452025299,0.9222173950662151
0.964035539909455,0.9482977196136231
0.9180461338846012,0.9224478760083867
0.9953288298883224,0.9868018206677247
0.9369309853652255,0.9219188099940281
0.9954724633341611,1.0050109105203147
0.9122307682548986,0.9224426549534881
0.15334143079123122,0.16871068997234584
0.6192167638665549,0.5929075874083933
0.8600550846714697,0.8693604000336164
0.995178116545829,1.0045201432539015
0.9100210310506509,0.9162902764353911
0.925433875018571,0.9223936601782894
0.9953916124762545,0.9866700731403482
0.9894069330384588,0.9894168705469779
0.9286858554624416,0.9191649778276902
0.9374197043595374,0.9230408688718539
0.9210254027575274,0.9223327537264288
0.9368977784533941,0.9241946685479929
0.923526902617182,0.9210915628198988
0.9946435806857569,0.9916562719362387
0.9315615212511129,0.9225726467318216
0.9050160312983597,0.9163169804073457
0.9284450892308294,0.9217046450657511
0.8727080547040875,0.880539216540984
0.9951561936203148,0.9945924758923494
0.9118731936803943,0.9220443488121317
0.9096592401265893,0.9046363778487327
0.9954433838777065,1.005674928315048
0.9928114266839538,0.9975139933493606
0.9079064506443228,0.9167484128758554
0.866237406194837,0.8751380965328961
0.06602263785683458,0.042230757600139945
0.9324128910701811,0.9223147754242254
0.41350963297184423,0.42089720804235053
0.41728551357287497,0.5326335725304316
0.9056060792658241,0.8997875230023622
0.6928304062099403,0.6887381332887683
0.9121406411608796,0.9223512973288974
0.9276733044131749,0.9209465234064451
0.9037080481489225,0.9082009399743578
0.9247178138723844,0.9221061519831215
0.9034889911925604,0.9031393554628488
0.9226567704790195,0.9213383431984665
0.7527531789032249,0.7642425021988855
0.9951370415397286,1.0057940221692716
0.91658412011298,0.9059652650498586
0.9119943761649897,0.9236124074358605
0.8634903580415414,0.8755747191915502
0.9144048524582508,0.9063200187320595
0.995470721045007,0.999338708938839
0.903940963191854,0.9011456687663086
0.1705386390955829,0.18937879492297593
0.9953229381524661,0.9878946911302533
0.923936000796999,0.9222212631817959
0.9364011878179894,0.9226326584033613
0.9273479379405987,0.9221168096459094
0.9254268323527038,0.9213515532723404
0.9152813547179852,0.8988151454803015
0.9273307194909856,0.9224269658249211
0.9054097749052631,0.9150505195994176
0.926424302116849,0.9223049783264701
0.9952920085769624,0.9864386813782913
0.9953357262245701,0.9908740434800931
0.933127609792601,0.9220950512058392
0.9224192556801236,0.9257738456312543
0.9829891635078128,0.9765824693808041
0.3768786198150225,0.3901358346708603
0.9138145719290858,0.9223955660994063
0.9038865862193187,0.9059748985800296
0.14589937007022236,0.1588959140788857
0.10931494806443352,0.10926929330777835
0.9121591059785267,0.9222301087988631
0.9306394407982295,0.9200672971481039
0.9117446291903534,0.9229632865212549
0.11787018149171381,0.12253119604436602
0.9271673060477472,0.9221634020140632
0.9952473956657437,0.9902203020529923
0.9124202644005467,0.9222248163087938
0.9178746761176657,0.9250300797539124
0.9179900573800048,0.9219697413271417
0.9369073374690287,0.9221914323080282
0.926451738866194,0.9221721808674586
0.9953493134734538,0.960286679818199
0.9952804397376241,0.9993624456685835
0.9122369752587143,0.9217340831797456
0.9121287931917273,0.9221647631785599
0.9953004545002727,1.00324138569525
0.9954085757930232,1.0029777807564555
0.9120377867096541,0.9226964317608006
0.9375855115433672,0.9223021869978494
0.9121998195934724,0.9223791334797893
0.9953664629568845,1.0041451238777368
0.9953914307554305,0.9871800127118915
0.9954620688249318,0.9901183198891514
0.9037384842384835,0.8982660975247727
0.9361661165052723,0.9226628530551393
0.9373157767284334,0.922295088729082
0.839376767473345,0.8322483050232448
0.9035175813226253,0.9063393600653038
0.91615009980878,0.9224861180766792
0.9949428691013865,0.9980160989727862
0.9307177550896757,0.9224165460050306
0.9121374864809403,0.922321486806303
0.9034029284312983,0.8988377819475515
0.9939325893192612,0.9866703865921691
0.9248622046269273,0.922383416184668
0.995296391565202,0.987433526553235
0.9175497939621127,0.922202971241961
0.9120579485485631,0.9023662796198613
0.2578223528533804,0.49034378583617677
0.9953312313206252,0.9887362170819953
0.9131115720385065,0.9169842153356074
0.9376900877923038,0.9245436212541227
0.9950523170213813,0.9998454367535059
0.9375854134786517,0.9224499231287053
0.925346564039482,0.9223545223324718
0.9120970675380157,0.9225265717997706
0.9039639085413934,0.9247480049365402
0.9952904890450776,1.004856962814503
0.9125940078108069,0.922112839655628
0.43645949531704553,0.5342124787977864
0.8946192305715718,0.8626596917636844
0.469972176597708,0.5445956103390754
0.9895259757211007,0.9689098725074414
0.9374904350291344,0.9224773734792491
0.995244753367021,0.9888087518277642
0.9954536433363106,0.9802495781256821
0.9951938237856702,1.004281249308252
0.9122000819166106,0.9230530031781958
0.9374793943867866,0.9231572954837644
0.9375658667300555,0.9221364410731168
0.906288731589323,0.9095656092719393
0.8514037393330204,0.8163120354137332
0.7997166083528856,0.7605058324783327
0.9373547139567464,0.9225560321351507
0.9119867096494803,0.9223711185951506
0.927967051396427,0.9223770899750994
0.44529795864082516,0.5388844703140476
0.9952942514325753,0.9994607304087308
0.9953356241842396,0.9903944487963399
0.9303372913227825,0.922043061684394
0.9954753571545711,0.985685402290005
0.12092014888115002,0.1255726497205556
0.912229698448171,0.9222711927907197
0.7545054573902868,0.7178991375025872
0.9195376361177767,0.9176718630846734
0.9361053342185269,0.922407906925975
0.9954749917470493,0.9901712894492674
0.15617727449454677,0.17329714862269707
0.19422370154077775,0.21835524224481428
0.9954568387919982,0.9855990099082588
0.879732010076872,0.8754391874944245
0.9954721062172577,0.9906809904936607
0.903777935970804,0.9189429626903154
0.9094089607861185,0.9016346667887634
0.9119296560129543,0.922386197398704
0.9252407672207522,0.9182840082282242
0.927672016390297,0.9223839926063837
0.9182017486107497,0.9222960535092204
0.7554175172320808,0.7195854925808076
0.9163709493621571,0.9048808723823489
0.9376872092688346,0.9223470279926742
0.9047636262968082,0.9060403645453983
0.9362224801427197,0.9222726231356999
0.9235843874387245,0.9216616996423701
0.4715991779067225,0.546677143662424
0.9954755396074769,0.9872888694309578
0.9032674594339689,0.9077463876504313
0.9119636039096859,0.9225400792816947
0.99535206553183,1.0028155163972086
0.912119469878958,0.9223950402942647
0.9361664107207274,0.9224524540109185
0.9952873932704478,0.966789334137121
0.13158924962549548,0.14017854990955225
0.9305167677974796,0.9220020852591828
0.906998550947684,0.9032492596531307
0.5353013300280483,0.5609847555276302
0.9037745782329577,0.9048112642256028
0.9284576643434829,0.9221813877034242
0.9951911475042179,0.9908374534816913
0.9878880003482136,0.9856980935349666
0.9949244488609863,1.006069823940396
0.9936897384131841,1.0014444508069174
0.14176693939981339,0.15496210706619973
0.9035638503908858,0.9016412493003534
0.9154710588111227,0.9075328828541496
0.9121828086698369,0.9222860892332738
0.9301052894663175,0.9223121921267099
0.9951759138852866,1.0018477126037224
0.9278072228114499,0.919268636150604
0.9307190640116212,0.9224401581701
0.9349092523959913,0.9221965855561391
0.9373768267152112,0.9221561299705945
0.9358148977207155,0.9219114799851935
0.9122250731772001,0.9221728572396648
0.3721042494357949,0.38545685905826854
0.930265219166125,0.9223472529186649
0.9950435333950683,1.0060559883794609
0.9119982494331857,0.9221304554388778
0.9375505914523417,0.9219081061396599
0.9952371564682257,1.001119217253918
0.9952172956219976,1.0048421925295825
0.9342216364672266,0.9224230841489272
0.9230060639044019,0.9222446071471273
0.9954044378576044,0.9980331122987733
0.9949369533431935,0.9988475601390574
0.9121301822367468,0.9223450099269881
0.9267228363679658,0.9217420995876582
0.9954556435711454,0.9968457221895362
0.6923560995632121,0.65969788976368
0.9286807297350879,0.9224935364736693
0.9134257171045649,0.9211055569579143
0.9952604198239856,1.0049696553957288
0.8554627541876298,0.8428022596713047
0.9119917208816375,0.9223326576935227
0.9951998865107992,0.9870515729017937
0.9260726833084877,0.9224495166646962
0.9952874008900853,0.9943078364537028
0.9949537245905067,1.0057827753517072
0.9954561942440274,0.9867745410914521
0.9953314987281636,0.9994038542571699
0.36228136045909815,0.37873158117396866
0.9886317398607759,0.9870708681062466
0.5823062642990198,0.5838648650309493
0.9312188370182592,0.9223544872143306
0.9186580703160874,0.9265373079859769
0.9951972466664286,1.0056233905022252
0.3455070840244195,0.362793792866813
0.9267239293786751,0.9224026764447624
0.9036308208854719,0.9052686159423677
0.9951808677663704,1.004749578964197
0.9124081320386237,0.9223321382010488
0.9122378038860642,0.9224646836460115
0.9287338075938172,0.923376411159679
0.9290196885139462,0.9166301275405031
0.9953518353486224,1.0041477149854385
0.9953250551095242,1.0056538627906546
0.45526464598025246,0.5421707697675116
0.995454927957322,0.9930295845618557
0.9934948291219243,1.0002797635226157
0.7960031368939673,0.7877781308549343
0.9285729840758215,0.9259223689061828
0.9138768274178487,0.8846139684399246
0.22694845215387693,0.25356412669443085
0.8565171575333451,0.8697382122149717
0.3569099790839089,0.5136210975230879
0.32958876869520715,0.3502517848617286
0.06870709643822796,0.05230883089065497
0.36178640035862697,0.37701443867424
0.9227625650073848,0.9221638320061727
0.9354759233396197,0.9221709884709375
0.06328796010128693,0.044816129503504776
0.9952918771406506,0.9870158314258104
0.9122127030744689,0.9222104708777286
0.9933526242835944,0.9996937153718077
0.8845187366129222,0.8521862994532112
0.91591886914702,0.9249079508054345
0.9122727409010102,0.9221688164828725
0.9953491030663679,1.0050275489756642
0.9121670956475599,0.9223824520482138
0.9373343830252998,0.9223305029147708
0.937032531190151,0.9219159334972593
0.9952180480277959,0.9860662807453364
0.995230741398303,1.0033398311665165
0.9155279404059489,0.922136419220851
0.9946548718477366,1.0048959282321617
0.12872901608862544,0.1362368493157815
0.951721522352202,0.9330233153416598
0.5918209713581931,0.5692794334361961
0.9952557154053135,0.9854190846920998
0.9035835773028489,0.9058737867889386
0.912133474322691,0.9223623192629828
0.9954544598031944,0.9854169382112188
0.9950894638476523,0.9962984870236395
0.9953346404203964,0.9852436687744612
0.9121246595026413,0.924078865202314
0.9457689133717954,0.9238560032226415
0.9046993215711799,0.9252662243651857
0.9918060492952074,0.9777703603081873
0.920388138565507,0.9224643779175912
0.7768651854770356,0.7736282275025301
0.9109640218894275,0.9049470954116279
0.9119881712450512,0.9248611711156149
0.9374569343686074,0.9221573321068801
0.9319236318521008,0.9226953134772158
0.5320734064089141,0.5569855863473263
0.9032697238884705,0.8998005620736373
0.09646877172878413,0.0909063006104871
0.9050609839581376,0.9099158750764405
0.9261622813226811,0.9388037199892327
0.9370184826859641,0.9225158870858214
0.9287333559209098,0.9272348494065001
0.9927541749019431,0.9820639802743356
0.9121057411740978,0.9219459032134507
0.6562153471537845,0.6527108376705142
0.0,0.038973744713149294
0.9129967808632408,0.9216072830103981
0.8446560318382885,0.8401704191120869
0.9120492902289998,0.9221571083508904
0.912170904716374,0.9223876103137689
0.9122472632738858,0.922761649082207
0.9374562517219432,0.9223583451753958
0.3205049745078804,0.34225420240211957
0.9257860967462546,0.9241956734476409
0.9230900399224645,0.9193001388660944
0.9954504990616031,1.0056483086663404
0.9124560596792302,0.9222150527431188
0.6321353867387259,0.6052352385820141
0.8696307604016216,0.8809747001048747
0.9954670140020937,1.001510067019768
0.9375784809982097,0.9222147056932739
0.9953184181469285,0.9957239889538014
0.9174069874413009,0.9222672951957547
0.9124441110544297,0.9230216599867189
0.9952954063510373,0.9895427511438895
0.9242106625030988,0.920197084691071
0.9120498429025721,0.922177958028441
0.9277825366988868,0.9267623528405844
0.9048053564775347,0.9159326877783878
0.9951763475980809,0.9916943365596493
0.9213787157829768,0.9220238704869486
0.9120052003455958,0.9222516131872167
0.9919470058567916,0.9792067009741343
0.7211862027933472,0.8080757598825867
0.0941734787200745,0.08838734682315685
0.9951628482464757,0.9903549750855971
0.9953868975646708,1.0017497347073059
0.9532808709872129,0.9341290821714834
0.9953784630435065,0.9877429271342661
0.19711213274055964,0.22034286080010457
0.6381884830787716,0.6344365547048083
0.24426348585450947,0.2701199506079943
1.0050604656766524,0.9891906457756532
0.9333799912204519,0.9097020650807108
0.9096209831229324,0.9528547516796779
0.9267232071083538,0.9235264891788164
0.9944224331384842,0.9920512212086008
0.6947261235516562,0.6616460158154096
0.9052499132267543,0.9152118360111521
0.9288910791350157,0.9211203823325258
0.9926823484772312,0.9822314401952381
0.9094243678427198,0.9203472150025176
0.9304978379530879,0.9226017617640556
0.995398449581226,0.9993747957142345
0.9157357546279172,0.9224107758776041
0.9040416377722411,0.905398095410276
0.912125508693009,0.9223418293540417
0.9953096058302613,1.0015990309868412
0.9952299240759169,0.9904493401250702
0.9033314518094708,0.9053903400073464
0.929205502010573,0.9223992332981252
0.9072515149113152,0.9157525894523681
0.9034453709909505,0.8991513837756111
0.9953978766834529,0.9852692488151034
0.936581546089039,0.9219194711422061
0.9128227558413999,0.9253502882033393
0.9349954323073612,0.9221981749519221
0.7940317931240499,0.7972578778041166
0.9954163162215361,0.9969378574644479
0.9949696881991086,0.9966633421671558
0.9122399269414105,0.9221192996716523
0.07745980552057802,0.06399156217783553
0.6968849858599269,0.7041199511527223
0.9372414684392391,0.9224608163549375
0.3491420477536283,0.5128013092454635
0.9065664499800015,0.8966257464529273
0.9119643955887581,0.9225638477947262
0.936512934417705,0.9226994227760477
0.9125495212140337,0.9224236623051452
0.9879033350419073,0.9858099123942052
0.9954008845414061,0.9998116455278021
0.11013653715653988,0.11128635392403208
0.9120130589033071,0.9222761768266556
0.9121142083891834,0.9221254354566097
0.15183169645361108,0.16760837827145547
0.9338776855671407,0.9224815154543533
0.21927114489415067,0.24417910741171323
0.3510218688704003,0.3690388615202833
0.9120573549287215,0.9220498058909667
0.14726993773558017,0.16172971120143398
0.9952533003908448,1.0034401353809015
0.995256126477398,0.991381959042914
0.9365172259637508,0.9224274110990356
0.9951571268518878,1.0011902147306726
0.9286088207004783,0.924746791967368
0.48928049654928923,0.5472423930562682
0.9371666128206313,0.9226670542326998
0.18148791519743937,0.2022305543479943
0.11727364715160986,0.12150851684693276
0.07053847701252718,0.05473383785103447
0.9946878020707712,0.9947150724617329
0.7949572280036556,0.7585588303916948
0.9254978566861175,0.9223841985857346
0.912233081747714,0.9224429392556059
0.9339270943778941,0.9200980193890542
0.9951934307681065,0.9736363114404467
0.9069511473703481,0.9107135406186968
0.7993989415711835,0.7941385766260565
0.9121368396752039,0.9221006944476882
0.995334415193522,0.9877095213703226
0.9280159230547564,0.9228472220998851
0.9952677868352766,0.984133257330444
0.9122174874222875,0.9222034828432113
0.9272841390433849,0.9223105882819125
0.8131929239274686,0.7763067245332023
0.12099093685654892,0.12658386561971025
0.903531424978948,0.9064433461602492
0.27928346969855594,0.3032625700598315
0.14600201142485003,0.16005689829434555
0.9036685304532468,0.9019395755512205
0.91998033161181,0.9274078089648379
0.9846297737570129,0.9792831013075043
0.9228642583198629,0.9232621605178695
0.9951536173317046,0.9852965761055001
0.9152459660847111,0.9095777656455573
0.3000464563709805,0.3238575630361593
0.5121429206766633,0.5033908217234453
0.9954183533609874,1.0029005519871559
0.8895088398967728,0.8806907854204722
0.9046919208268085,0.9136286962561924
0.9954557890856259,0.9948497543174595
0.9288220864361542,0.9219125122530789
0.7522154329593334,0.7148926939318754
0.9124439534763074,0.9222486313651457
0.9041290794949852,0.9175137983039585
0.9115891600102043,0.9218345368458669
0.9121447376807759,0.9222120959611031
0.9949772137723576,1.0059276561630837
0.9192605843650309,0.9221303736406936
0.9192867858702818,0.9224552974860982
0.9221309804921407,0.9251511523693656
0.9120119267211119,0.9221237632683552
0.9110878418713927,0.9039585296526118
0.9286298816173233,0.923938671853235
0.915003297787667,0.9196885752693928
0.9953796533374186,1.002870929314514
0.9034105270070614,0.8934947886256479
0.9331262540198261,0.9223542263254698
0.9038539697081042,0.9048665747342524
0.922847681841689,0.9172346390901387
0.46904505554632553,0.5458072375257244
0.9952491811102866,0.985500800213674
0.9938104494617879,0.9875744140274945
0.9238097469284358,0.922934351116175
0.6785409991358857,0.6705913682406672
0.29233614685062365,0.49203251555401817
0.8845950499003266,0.8861089087065777
0.9953052477477717,0.9922830836145407
0.3873098334793563,0.3994645224763813
0.24185965701903134,0.2686545230811417
0.9056931359639707,0.9114976719389345
0.9950856625906677,1.00201593610264
0.995153442736843,0.9995561738746117
0.9377734436530952,0.9222504605113135
0.9138308249881163,0.9224168562489181
0.07170954660459766,0.041908366266016905
0.9953752209080027,1.0043963594339855
0.9949773575407007,0.9997297918072574
0.9120334040959674,0.9221883013996175
0.9293746763740703,0.922380431140108
0.9261857427767364,0.930935775548094
0.9949661235590717,1.0058939380750358
0.1373961659869055,0.14921166138107633
0.9935857597701975,1.0011913982697989
0.9068120476092317,0.8988576262093142
0.9038101116678056,0.8973467619136146
0.917394647265452,0.9223337969127767
0.9037019355844084,0.9029106836897798
0.9122294047033781,0.9226229306187248
0.9158022264673127,0.9218144233051246
0.9366916266237176,0.9221207798947892
0.9220766713170491,0.9095174711499991
0.9296759861658854,0.9221586177461658
0.9224433366268725,0.9223229023217021
0.9045010440068836,0.9263501870260962
0.9235554864237959,0.9220593846628686
0.9038843462490601,0.903559698838154
0.9374619320535929,0.9224831389005628
0.24613896809035624,0.27144461314556434
0.10227865199650912,0.09945962344433479
0.9122807560117758,0.9221437746800545
0.9951671686567161,0.9908638450073424
0.9951796369423125,0.9789216978893078
0.9162797560478005,0.9226976985610085
0.12876033129862602,0.13636435922917922
0.9119997870844337,0.9216756759065374
0.9279917421859242,0.9239588684455198
0.9953027323699715,0.9973223167808127
0.905390105090133,0.9024862162547214
0.9242418938121303,0.9237856724519631
0.9197173193329066,0.9244745921872513
0.9279477924260872,0.9224049775368526
0.9120877831407561,0.9221333251830499
0.9122685126285729,0.9222436375392666
0.9954138265136048,1.0047505282556584
0.995219826288859,0.9890171650630064
0.9123200766170463,0.9222278472993493
0.9277864365789146,0.92199127294242
0.9272734247675404,0.9222581628630762
0.8672291792622268,0.833735033240333
0.07779638046233324,0.06436167819574035
0.9031773832106794,0.8955303650057642
0.9952437403055716,1.0040126243879852
0.9172618595447951,0.9245369823113245
0.9951352438890688,1.0052671472708026
0.995153633637517,0.9861088543457752
0.9952257221000396,0.9852243156384644
0.7853476603790265,0.7875882987655585
0.9038836731996991,0.910951975395208
0.9275383418400922,0.9264304704622708
0.9951582212824993,1.0047494955517946
0.9249495736801181,0.9208329919998688
0.9314880821809446,0.9249762344214281
0.8613252887084393,0.8633476867066916
0.9117303592631812,0.9229282150361966
0.9954125768171608,0.9963106016975329
0.937676731378866,0.9223087219585926
0.08052726885154109,0.06892719113467916
0.9952625617536093,0.998891423155686
0.995337989661106,1.0056720420119545
0.9952760198053384,0.9994321790634073
0.10344551713650033,0.10158529407944439
0.9194450197082364,0.9234676607837722
0.9296421957349804,0.9222983848112554
0.995167127830291,0.9975606699492117
0.9125059131412916,0.9230025349634188
0.9954547511894899,0.9920756843160801
0.9953610125511653,0.98517775944386
0.7540773907423015,0.7484590604783987
0.9124642937686783,0.8894375597080648
0.9932175049597235,0.9998655356055961
0.9122075096206674,0.9222318881876843
0.9953966252954075,0.987758745632223
0.9123874472865912,0.9222641348471425
0.9954689318668226,1.0056926804961561
0.9899108801624712,0.9717381547221917
0.995309279728228,1.0002968608335037
0.9952905926434772,0.9651897047570115
0.9122308167534787,0.9221324238185984
0.9734646990027064,0.9615486526129358
0.9122563892606177,0.9223067876706841
0.7675276964770721,0.7768733906315388
0.9046723474377685,0.9037146228030677
0.9122069823894228,0.9222109008392883
0.9122104865263919,0.9223162672102303
0.9041930975050859,0.9015358508055842
0.9121450253308401,0.922193569275108
0.9953467608089979,1.0047477214104559
0.9953800877281664,1.002295709266579
0.6422817733217653,0.6329292621097293
0.995440779567455,0.9949271686038967
0.9374584475567456,0.9222211021136415
0.936000278483869,0.9222841311182135
0.9119904615246227,0.9227155460673897
0.9102272849162294,0.9147133950851769
0.9972290075939533,0.9873684399551008
0.9360492138237028,0.9222725777708645
0.9374645615189677,0.92214578086051
0.9201786517311841,0.9228228377286944
0.9952928924938782,0.986195514945595
0.5000670429436976,0.5526135503608485
0.9371724466820589,0.9224838626674652
0.9122126971514852,0.9223566708617303
0.9290267938295269,0.9252612189627909
0.9954763165294643,1.0010097106406048
0.9120855128408966,0.921923370629453
0.9953356569516271,1.0051670441221061
0.9222014572252838,0.9223780985908361
0.9954474197368932,0.984748427449591
0.9121097808399963,0.9238432520196396
0.9954686473702117,1.0020137945629584
0.9952647513898549,1.0011059494678873
0.904048474512937,0.9010780365900652
0.9365949006819706,0.9226340206418895
0.7950212881797337,0.7586186056883717
0.1554243046406056,0.17144104475098043
0.9952153016056288,0.995186426258118
0.9122830969399695,0.9221413646016812
0.9038230098635912,0.9096741548449385
0.9952125082359591,0.9914118560192433
0.9121903296165912,0.9222553673026495
0.6144213223448081,0.5904736121046481
0.9060489095552482,0.9058843512526478
0.07805953289080408,0.06557564814689254
0.9370220640538343,0.9221894347719148
0.9118149731379742,0.9207735014910368
0.9285518324360162,0.9222952438271781
0.9935767387907172,1.0013156915179193
0.9951357667385045,0.9955232646898535
0.15565836618628986,0.172724211517294
0.2527401665987605,0.2782452417566956
0.9230461592533512,0.9222788429420943
0.9951543493699868,0.9854551038441626
0.9121129222840059,0.922123113838615
0.9119380520003908,0.9222856545172169
0.9256545857788634,0.9221718934651291
0.9188278616386878,0.9246510796908849
0.9370215779831441,0.9223499142176683
0.932655560524443,0.9084104282502663
0.9953931557336808,1.002426400384837
0.9123627181796989,0.9221434678832265
0.9947436550624206,0.9937055337043885
0.8787004403018353,0.8685254242556537
0.9340876861107769,0.9203827619589644
0.9954503031600999,0.9875418489645993
0.9186149221696787,0.8900533710132263
0.8929197294265706,0.9014164804475326
0.9219986223301854,0.9224403376051162
0.9341828461276405,0.9221233994700517
0.9121097564143817,0.9237732518716824
0.937241625936817,0.922131020102845
0.9952851962683279,1.0028001967457127
0.9058741579212513,0.9033562876820183
0.9954059834973159,1.0049779959065317
0.6326562888860706,0.6329598371574603
0.08488120718439761,0.07445223286636615
0.5664833884859831,0.5687224841401131
0.9160434249256569,0.9221207779292184
0.995183962543222,1.0045171417450147
0.9121204921968197,0.9226282395642533
0.9921109216567409,0.980370601368139
0.9951643250506547,0.9868768671527333
0.5946934855089995,0.6018992364871165
0.9251091581248329,0.9232443760183413
0.9372377564855261,0.922262912875758
0.9146660349693989,0.9229019565054335
0.7621429813954635,0.7226667444696373
0.9126969614193032,0.9220011201597016
0.718442917552906,0.681894729564891
0.9952529604168949,0.9976448291374878
0.21934191664656916,0.24470491166666175
0.9253233324945731,0.9233873794974601
0.28184543760637965,0.3071180542414309
0.926233893398875,0.9205692882920014
0.9948864743079737,0.9955656269504116
0.8045096429863094,0.8078873093667935
0.9097720374454705,0.9136931179041676
0.0,0.03866790735277714
